sim,frame,device_tick,device_ns,host_ns,max_deviation_ns
0,-1,1791622017396634944,0.0,2268310928756800,12608
0,-1,1791622017396860800,225856.0,2268310928982600,12544
0,-1,1791622017397138432,503488.0,2268310929260300,12320
0,-1,1791622017397248672,613728.0,2268310929370500,12352
0,-1,1791622017397468736,833792.0,2268310929590600,12512
1,-1,1791622011841928992,0.0,2268310929892900,12416
1,-1,1791622011842237632,308640.0,2268310930201600,12448
1,-1,1791622011842352192,423200.0,2268310930316100,12192
1,-1,1791622011842544416,615424.0,2268310930508300,12096
1,-1,1791622011842894496,965504.0,2268310930858400,12160
0,-1,1791622017899698880,503063936.0,2268311431825700,12736
1,-1,1791622012343933408,502004416.0,2268311431903500,12928
0,334,1791622018399784608,1003149664.0,2268311931916400,13216
1,334,1791622012844065344,1002136352.0,2268311932041600,12704
0,671,1791622018901256160,1504621216.0,2268312433393700,14784
1,671,1791622013345485056,1503556064.0,2268312433467700,13344
0,1000,1791622019401383776,2004748832.0,2268312933525500,12448
0,1000,1791622019401466944,2004832000.0,2268312933608700,12256
0,999,1791622019401831072,2005196128.0,2268312933972800,13024
1,999,1791622013846119712,2004190720.0,2268312934108200,12672
0,1000,1791622019401629696,2004994752.0,2268312933771500,12320
1,1000,1791622013846257536,2004328544.0,2268312934246000,12096
1,1000,1791622013846444992,2004516000.0,2268312934433500,12256
1,1000,1791622013846802816,2004873824.0,2268312934791400,12064
0,1323,1791622019902368928,2505733984.0,2268313434515700,12672
1,1323,1791622014346552224,2504623232.0,2268313434547200,12960
0,1659,1791622020403200128,3006565184.0,2268313935352200,13792
1,1659,1791622014847446656,3005517664.0,2268313935447800,13216
0,1994,1791622020903460928,3506825984.0,2268314435617700,12736
1,1994,1791622015347697632,3505768640.0,2268314435704800,12544
0,2323,1791622021404042976,4007408032.0,2268314936205300,13760
1,2323,1791622015848298944,4006369952.0,2268314936312500,13248
0,2653,1791622021904427200,4507792256.0,2268315436594000,13824
1,2653,1791622016348636224,4506707232.0,2268315436656000,12832
0,2991,1791622022405168992,5008534048.0,2268315937341000,13120
1,2991,1791622016849405984,5007476992.0,2268315937432100,13376
0,2999,1791622022424035584,5027400640.0,2268315956207600,12768
0,2999,1791622022424293952,5027659008.0,2268315956466000,12704
0,2999,1791622022424349376,5027714432.0,2268315956521400,12544
0,2999,1791622022424570912,5027935968.0,2268315956742900,12608
0,2999,1791622022424960064,5028325120.0,2268315957132100,12576
1,2999,1791622016869192704,5027263712.0,2268315957218900,12608
1,2999,1791622016869387776,5027458784.0,2268315957414000,12608
1,2999,1791622016869726048,5027797056.0,2268315957752300,12608
1,2999,1791622016869865536,5027936544.0,2268315957891800,12512
1,2999,1791622016870142592,5028213600.0,2268315958168900,12608
