coordinate,u_hdx4,v_hdx4,u_hdx3.5,v_hdx3.5,u_hdx3,v_hdx3,u_hdx2.5,v_hdx2.5,u_hdx2,v_hdx2
-0.50000,-0.002710,0.005576,-0.002634,0.005446,-0.002639,0.005382,-0.002762,0.005656,-0.015816,0.003359
-0.49500,-0.003761,0.007762,-0.003723,0.007726,-0.003785,0.007751,-0.003930,0.008013,-0.035718,0.003922
-0.49000,-0.004751,0.009829,-0.004725,0.009830,-0.004800,0.009867,-0.004894,0.010001,-0.031998,0.001939
-0.48500,-0.005631,0.011673,-0.005606,0.011690,-0.005693,0.011741,-0.005746,0.011802,0.036455,-0.003229
-0.48000,-0.006398,0.013286,-0.006374,0.013319,-0.006478,0.013379,-0.006485,0.013362,0.067285,-0.003490
-0.47500,-0.007062,0.014684,-0.007040,0.014734,-0.007151,0.014793,-0.007112,0.014716,0.021153,0.000527
-0.47000,-0.007632,0.015881,-0.007612,0.015944,-0.007720,0.015997,-0.007640,0.015854,0.012667,0.002821
-0.46500,-0.008120,0.016894,-0.008103,0.016967,-0.008209,0.017021,-0.008106,0.016823,0.014416,0.001650
-0.46000,-0.008535,0.017740,-0.008521,0.017818,-0.008624,0.017874,-0.008494,0.017648,0.013786,0.000800
-0.45500,-0.008884,0.018438,-0.008875,0.018517,-0.008972,0.018575,-0.008809,0.018341,0.019575,0.000501
-0.45000,-0.009178,0.019007,-0.009173,0.019082,-0.009261,0.019139,-0.009070,0.018895,0.021934,0.001282
-0.44500,-0.009424,0.019459,-0.009423,0.019531,-0.009505,0.019588,-0.009292,0.019328,0.023797,0.001374
-0.44000,-0.009631,0.019812,-0.009632,0.019878,-0.009709,0.019939,-0.009473,0.019651,0.031265,0.000422
-0.43500,-0.009803,0.020080,-0.009808,0.020141,-0.009878,0.020204,-0.009627,0.019889,0.029406,-0.002563
-0.43000,-0.009948,0.020277,-0.009955,0.020333,-0.010019,0.020395,-0.009754,0.020067,0.011571,0.006756
-0.42500,-0.010070,0.020414,-0.010079,0.020465,-0.010138,0.020527,-0.009863,0.020182,0.005514,0.016624
-0.42000,-0.010174,0.020505,-0.010185,0.020548,-0.010239,0.020615,-0.009956,0.020249,0.004848,0.020048
-0.41500,-0.010265,0.020556,-0.010278,0.020591,-0.010326,0.020667,-0.010036,0.020278,0.006491,0.018379
-0.41000,-0.010345,0.020576,-0.010360,0.020602,-0.010405,0.020688,-0.010107,0.020279,0.025010,0.011368
-0.40500,-0.010418,0.020571,-0.010435,0.020587,-0.010476,0.020682,-0.010172,0.020256,0.032570,0.005140
-0.40000,-0.010486,0.020544,-0.010504,0.020554,-0.010542,0.020653,-0.010235,0.020215,0.017066,0.005581
-0.39500,-0.010550,0.020498,-0.010570,0.020508,-0.010605,0.020606,-0.010295,0.020161,0.007734,0.007869
-0.39000,-0.010613,0.020436,-0.010633,0.020452,-0.010667,0.020542,-0.010355,0.020094,0.002862,0.007939
-0.38500,-0.010674,0.020361,-0.010696,0.020385,-0.010729,0.020462,-0.010414,0.020017,0.000823,0.006631
-0.38000,-0.010737,0.020274,-0.010758,0.020307,-0.010790,0.020366,-0.010476,0.019935,-0.000194,0.003422
-0.37500,-0.010800,0.020178,-0.010820,0.020219,-0.010852,0.020261,-0.010541,0.019840,-0.001311,0.000931
-0.37000,-0.010864,0.020075,-0.010884,0.020121,-0.010917,0.020153,-0.010607,0.019733,-0.001974,-0.005103
-0.36500,-0.010930,0.019966,-0.010949,0.020014,-0.010982,0.020043,-0.010672,0.019619,-0.002018,-0.009235
-0.36000,-0.010998,0.019854,-0.011017,0.019899,-0.011050,0.019933,-0.010739,0.019503,-0.001214,0.012097
-0.35500,-0.011069,0.019738,-0.011087,0.019777,-0.011121,0.019821,-0.010806,0.019384,0.000113,0.033485
-0.35000,-0.011142,0.019619,-0.011161,0.019649,-0.011194,0.019699,-0.010875,0.019263,0.001130,0.021293
-0.34500,-0.011218,0.019494,-0.011236,0.019517,-0.011268,0.019570,-0.010944,0.019133,0.001198,0.005613
-0.34000,-0.011297,0.019364,-0.011315,0.019382,-0.011344,0.019438,-0.011018,0.018993,0.001322,0.002753
-0.33500,-0.011378,0.019229,-0.011396,0.019242,-0.011424,0.019299,-0.011097,0.018852,0.002401,0.001567
-0.33000,-0.011463,0.019090,-0.011481,0.019100,-0.011507,0.019158,-0.011177,0.018712,0.003236,0.000948
-0.32500,-0.011550,0.018947,-0.011569,0.018954,-0.011592,0.019008,-0.011255,0.018574,0.002266,-0.000333
-0.32000,-0.011641,0.018800,-0.011660,0.018806,-0.011682,0.018853,-0.011338,0.018435,0.001599,-0.000725
-0.31500,-0.011734,0.018649,-0.011754,0.018655,-0.011774,0.018695,-0.011423,0.018290,0.000773,-0.000525
-0.31000,-0.011831,0.018494,-0.011852,0.018502,-0.011870,0.018534,-0.011513,0.018135,0.001080,0.001009
-0.30500,-0.011931,0.018335,-0.011953,0.018344,-0.011968,0.018370,-0.011607,0.017973,0.002510,0.002578
-0.30000,-0.012034,0.018171,-0.012057,0.018182,-0.012069,0.018202,-0.011707,0.017806,0.003180,0.002463
-0.29500,-0.012140,0.018002,-0.012165,0.018016,-0.012173,0.018031,-0.011810,0.017634,0.002821,0.002779
-0.29000,-0.012250,0.017827,-0.012275,0.017848,-0.012280,0.017858,-0.011917,0.017458,0.001580,0.004962
-0.28500,-0.012363,0.017647,-0.012388,0.017675,-0.012391,0.017680,-0.012027,0.017284,-0.001558,0.006282
-0.28000,-0.012480,0.017463,-0.012503,0.017498,-0.012503,0.017499,-0.012143,0.017107,-0.014723,0.005639
-0.27500,-0.012599,0.017277,-0.012622,0.017317,-0.012618,0.017318,-0.012260,0.016929,-0.043175,-0.012415
-0.27000,-0.012722,0.017087,-0.012744,0.017135,-0.012737,0.017135,-0.012381,0.016751,-0.049309,-0.021483
-0.26500,-0.012847,0.016894,-0.012870,0.016952,-0.012861,0.016948,-0.012506,0.016575,-0.021995,-0.017594
-0.26000,-0.012975,0.016698,-0.012999,0.016765,-0.012988,0.016759,-0.012640,0.016391,0.000956,-0.004778
-0.25500,-0.013107,0.016501,-0.013131,0.016576,-0.013120,0.016565,-0.012777,0.016203,0.003113,0.003074
-0.25000,-0.013241,0.016303,-0.013267,0.016385,-0.013255,0.016364,-0.012918,0.016008,0.004792,0.004078
-0.24500,-0.013379,0.016104,-0.013408,0.016192,-0.013392,0.016161,-0.013056,0.015812,0.014086,0.004010
-0.24000,-0.013519,0.015902,-0.013551,0.015995,-0.013531,0.015962,-0.013196,0.015610,0.005079,0.005026
-0.23500,-0.013662,0.015698,-0.013699,0.015794,-0.013674,0.015760,-0.013335,0.015409,0.002107,0.007278
-0.23000,-0.013809,0.015490,-0.013851,0.015589,-0.013821,0.015551,-0.013477,0.015203,0.001942,0.010385
-0.22500,-0.013959,0.015279,-0.014008,0.015380,-0.013972,0.015340,-0.013621,0.014995,0.003256,0.014552
-0.22000,-0.014112,0.015065,-0.014168,0.015168,-0.014128,0.015129,-0.013765,0.014783,0.003723,0.013272
-0.21500,-0.014269,0.014849,-0.014331,0.014955,-0.014289,0.014914,-0.013913,0.014566,0.004855,-0.003229
-0.21000,-0.014429,0.014629,-0.014495,0.014740,-0.014453,0.014694,-0.014065,0.014347,0.005155,-0.028136
-0.20500,-0.014593,0.014407,-0.014662,0.014520,-0.014620,0.014469,-0.014225,0.014128,0.003678,-0.032991
-0.20000,-0.014760,0.014183,-0.014830,0.014297,-0.014794,0.014239,-0.014385,0.013909,0.001234,0.002877
-0.19500,-0.014930,0.013957,-0.015001,0.014070,-0.014970,0.014003,-0.014549,0.013697,-0.001466,0.031413
-0.19000,-0.015104,0.013729,-0.015173,0.013840,-0.015148,0.013763,-0.014715,0.013485,-0.002392,0.030227
-0.18500,-0.015281,0.013499,-0.015350,0.013607,-0.015329,0.013519,-0.014888,0.013265,-0.001684,0.018009
-0.18000,-0.015462,0.013267,-0.015531,0.013373,-0.015517,0.013272,-0.015059,0.013048,-0.000508,0.004452
-0.17500,-0.015646,0.013033,-0.015717,0.013136,-0.015707,0.013024,-0.015241,0.012826,0.000220,-0.001959
-0.17000,-0.015835,0.012797,-0.015906,0.012897,-0.015901,0.012772,-0.015421,0.012603,0.003869,0.000867
-0.16500,-0.016027,0.012558,-0.016100,0.012654,-0.016098,0.012522,-0.015606,0.012380,0.007877,0.003697
-0.16000,-0.016223,0.012318,-0.016296,0.012408,-0.016298,0.012273,-0.015789,0.012152,0.006609,0.005392
-0.15500,-0.016423,0.012074,-0.016497,0.012161,-0.016500,0.012025,-0.015979,0.011900,0.003487,0.005758
-0.15000,-0.016626,0.011827,-0.016702,0.011913,-0.016704,0.011771,-0.016171,0.011650,0.000867,0.007505
-0.14500,-0.016834,0.011577,-0.016910,0.011661,-0.016912,0.011513,-0.016372,0.011403,0.000190,0.008688
-0.14000,-0.017045,0.011323,-0.017121,0.011405,-0.017121,0.011255,-0.016579,0.011148,-0.000428,0.005314
-0.13500,-0.017260,0.011067,-0.017336,0.011145,-0.017332,0.010999,-0.016791,0.010875,-0.000752,-0.001986
-0.13000,-0.017478,0.010807,-0.017553,0.010882,-0.017543,0.010739,-0.017004,0.010610,-0.000181,-0.000664
-0.12500,-0.017702,0.010545,-0.017774,0.010618,-0.017759,0.010478,-0.017213,0.010346,-0.003456,0.000130
-0.12000,-0.017930,0.010281,-0.018001,0.010351,-0.017981,0.010214,-0.017423,0.010074,-0.006992,0.000133
-0.11500,-0.018162,0.010014,-0.018233,0.010082,-0.018208,0.009946,-0.017637,0.009800,-0.005387,-0.000849
-0.11000,-0.018396,0.009745,-0.018466,0.009811,-0.018442,0.009676,-0.017863,0.009540,-0.003183,0.000498
-0.10500,-0.018634,0.009474,-0.018702,0.009535,-0.018678,0.009404,-0.018101,0.009283,-0.002069,0.003483
-0.10000,-0.018875,0.009200,-0.018943,0.009255,-0.018918,0.009130,-0.018338,0.009018,-0.001568,0.002378
-0.09500,-0.019120,0.008924,-0.019187,0.008973,-0.019165,0.008855,-0.018573,0.008743,-0.002506,-0.003724
-0.09000,-0.019368,0.008645,-0.019433,0.008690,-0.019417,0.008580,-0.018810,0.008458,-0.003293,-0.023148
-0.08500,-0.019619,0.008364,-0.019682,0.008403,-0.019673,0.008305,-0.019054,0.008176,-0.002375,-0.036571
-0.08000,-0.019873,0.008080,-0.019936,0.008115,-0.019931,0.008027,-0.019293,0.007905,0.000100,-0.034577
-0.07500,-0.020131,0.007793,-0.020193,0.007825,-0.020191,0.007747,-0.019533,0.007635,0.000949,-0.019458
-0.07000,-0.020393,0.007503,-0.020454,0.007532,-0.020456,0.007464,-0.019774,0.007348,0.002608,-0.008955
-0.06500,-0.020658,0.007209,-0.020717,0.007235,-0.020722,0.007175,-0.020020,0.007047,0.003909,-0.009419
-0.06000,-0.020926,0.006912,-0.020983,0.006936,-0.020987,0.006882,-0.020276,0.006733,0.003263,-0.003742
-0.05500,-0.021200,0.006612,-0.021253,0.006637,-0.021256,0.006584,-0.020551,0.006435,0.003782,0.001744
-0.05000,-0.021477,0.006310,-0.021528,0.006337,-0.021531,0.006287,-0.020827,0.006152,0.004374,0.001158
-0.04500,-0.021758,0.006007,-0.021808,0.006038,-0.021816,0.005983,-0.021105,0.005864,0.003210,-0.001528
-0.04000,-0.022043,0.005701,-0.022093,0.005737,-0.022110,0.005675,-0.021387,0.005570,0.002033,-0.002067
-0.03500,-0.022331,0.005394,-0.022385,0.005432,-0.022408,0.005366,-0.021670,0.005281,0.002500,-0.000858
-0.03000,-0.022623,0.005085,-0.022681,0.005120,-0.022707,0.005063,-0.021968,0.004991,0.003043,-0.000204
-0.02500,-0.022919,0.004773,-0.022981,0.004803,-0.023007,0.004760,-0.022260,0.004697,0.002775,-0.001577
-0.02000,-0.023219,0.004458,-0.023283,0.004483,-0.023314,0.004454,-0.022559,0.004408,0.000035,-0.001966
-0.01500,-0.023524,0.004141,-0.023589,0.004161,-0.023620,0.004145,-0.022851,0.004123,-0.007019,0.001324
-0.01000,-0.023833,0.003822,-0.023901,0.003838,-0.023926,0.003833,-0.023153,0.003819,-0.018496,0.005389
-0.00500,-0.024146,0.003502,-0.024218,0.003515,-0.024239,0.003521,-0.023454,0.003506,-0.017291,0.005624
0.00000,-0.024460,0.003177,-0.024537,0.003192,-0.024564,0.003201,-0.023758,0.003188,-0.005745,0.003109
0.00500,-0.024778,0.002850,-0.024859,0.002869,-0.024895,0.002874,-0.024059,0.002876,-0.000689,-0.003143
0.01000,-0.025100,0.002520,-0.025185,0.002544,-0.025233,0.002544,-0.024363,0.002569,-0.000466,-0.006828
0.01500,-0.025426,0.002188,-0.025515,0.002213,-0.025578,0.002212,-0.024688,0.002263,-0.000650,-0.006050
0.02000,-0.025757,0.001854,-0.025849,0.001877,-0.025924,0.001880,-0.025023,0.001945,-0.001603,-0.001802
0.02500,-0.026092,0.001519,-0.026187,0.001540,-0.026274,0.001543,-0.025358,0.001600,-0.002403,0.001554
0.03000,-0.026433,0.001180,-0.026530,0.001200,-0.026628,0.001198,-0.025684,0.001253,-0.001499,0.000232
0.03500,-0.026779,0.000839,-0.026877,0.000854,-0.026984,0.000853,-0.025996,0.000919,0.000237,-0.000638
0.04000,-0.027129,0.000496,-0.027229,0.000504,-0.027341,0.000509,-0.026299,0.000595,0.001616,-0.001394
0.04500,-0.027482,0.000149,-0.027583,0.000152,-0.027701,0.000157,-0.026620,0.000264,0.001638,-0.003645
0.05000,-0.027840,-0.000200,-0.027942,-0.000204,-0.028062,-0.000202,-0.026957,-0.000066,-0.001490,-0.001815
0.05500,-0.028202,-0.000551,-0.028308,-0.000563,-0.028426,-0.000564,-0.027299,-0.000411,-0.004009,0.003185
0.06000,-0.028568,-0.000904,-0.028676,-0.000925,-0.028792,-0.000930,-0.027653,-0.000762,-0.002650,0.004912
0.06500,-0.028936,-0.001260,-0.029046,-0.001289,-0.029166,-0.001296,-0.028016,-0.001115,0.001128,0.004281
0.07000,-0.029307,-0.001620,-0.029418,-0.001655,-0.029545,-0.001662,-0.028385,-0.001453,0.009163,0.002231
0.07500,-0.029681,-0.001983,-0.029795,-0.002023,-0.029929,-0.002030,-0.028787,-0.001793,0.010489,-0.002046
0.08000,-0.030057,-0.002348,-0.030178,-0.002392,-0.030318,-0.002397,-0.029203,-0.002140,0.011954,-0.004471
0.08500,-0.030436,-0.002715,-0.030563,-0.002763,-0.030712,-0.002760,-0.029624,-0.002501,0.007938,-0.005740
0.09000,-0.030817,-0.003084,-0.030953,-0.003134,-0.031111,-0.003125,-0.030013,-0.002876,0.004807,-0.005699
0.09500,-0.031200,-0.003454,-0.031345,-0.003508,-0.031515,-0.003494,-0.030392,-0.003245,0.002568,-0.001430
0.10000,-0.031587,-0.003825,-0.031740,-0.003884,-0.031922,-0.003867,-0.030768,-0.003616,0.000391,0.003194
0.10500,-0.031975,-0.004198,-0.032135,-0.004265,-0.032324,-0.004245,-0.031142,-0.003998,-0.001016,-0.000096
0.11000,-0.032366,-0.004573,-0.032532,-0.004650,-0.032726,-0.004627,-0.031527,-0.004391,-0.001408,-0.005862
0.11500,-0.032759,-0.004953,-0.032931,-0.005039,-0.033129,-0.005007,-0.031917,-0.004770,-0.001152,-0.016038
0.12000,-0.033155,-0.005337,-0.033331,-0.005430,-0.033530,-0.005382,-0.032310,-0.005139,-0.000791,-0.018022
0.12500,-0.033553,-0.005723,-0.033730,-0.005824,-0.033935,-0.005759,-0.032708,-0.005503,-0.000251,-0.004717
0.13000,-0.033954,-0.006113,-0.034133,-0.006219,-0.034346,-0.006147,-0.033133,-0.005877,0.000070,0.005072
0.13500,-0.034358,-0.006505,-0.034542,-0.006615,-0.034757,-0.006545,-0.033561,-0.006257,-0.000829,0.002465
0.14000,-0.034765,-0.006899,-0.034956,-0.007013,-0.035169,-0.006946,-0.033993,-0.006651,-0.001417,-0.000709
0.14500,-0.035175,-0.007296,-0.035375,-0.007413,-0.035584,-0.007352,-0.034426,-0.007071,-0.003058,0.001582
0.15000,-0.035587,-0.007697,-0.035797,-0.007815,-0.035999,-0.007763,-0.034858,-0.007491,-0.006361,0.006754
0.15500,-0.036000,-0.008101,-0.036218,-0.008222,-0.036409,-0.008176,-0.035284,-0.007891,-0.000109,0.006208
0.16000,-0.036416,-0.008509,-0.036639,-0.008633,-0.036824,-0.008592,-0.035722,-0.008280,0.001440,0.004065
0.16500,-0.036835,-0.008922,-0.037061,-0.009046,-0.037249,-0.009012,-0.036181,-0.008676,-0.000427,0.008216
0.17000,-0.037255,-0.009341,-0.037484,-0.009458,-0.037677,-0.009433,-0.036621,-0.009072,0.000158,0.012184
0.17500,-0.037675,-0.009764,-0.037908,-0.009873,-0.038102,-0.009862,-0.037067,-0.009465,0.000324,0.012224
0.18000,-0.038096,-0.010192,-0.038330,-0.010291,-0.038530,-0.010291,-0.037500,-0.009842,0.000282,0.009196
0.18500,-0.038518,-0.010623,-0.038750,-0.010712,-0.038958,-0.010719,-0.037915,-0.010227,0.000654,-0.003252
0.19000,-0.038938,-0.011056,-0.039170,-0.011138,-0.039387,-0.011146,-0.038324,-0.010625,0.000646,-0.005342
0.19500,-0.039356,-0.011490,-0.039590,-0.011565,-0.039819,-0.011575,-0.038735,-0.011039,0.000246,-0.000957
0.20000,-0.039771,-0.011925,-0.040011,-0.011997,-0.040254,-0.012006,-0.039150,-0.011454,-0.000791,0.004183
0.20500,-0.040185,-0.012362,-0.040433,-0.012429,-0.040689,-0.012442,-0.039594,-0.011880,-0.001080,0.012825
0.21000,-0.040598,-0.012803,-0.040856,-0.012863,-0.041131,-0.012880,-0.040070,-0.012297,0.000278,0.012536
0.21500,-0.041012,-0.013246,-0.041278,-0.013297,-0.041581,-0.013315,-0.040548,-0.012718,0.002850,0.007406
0.22000,-0.041427,-0.013688,-0.041701,-0.013732,-0.042033,-0.013756,-0.040992,-0.013124,0.003762,0.005837
0.22500,-0.041844,-0.014131,-0.042122,-0.014166,-0.042474,-0.014198,-0.041436,-0.013532,0.001391,0.008213
0.23000,-0.042262,-0.014574,-0.042541,-0.014600,-0.042910,-0.014642,-0.041865,-0.013933,-0.002620,0.008221
0.23500,-0.042684,-0.015018,-0.042960,-0.015035,-0.043342,-0.015085,-0.042290,-0.014340,-0.005784,0.008866
0.24000,-0.043106,-0.015461,-0.043377,-0.015470,-0.043766,-0.015532,-0.042712,-0.014734,-0.014101,0.011466
0.24500,-0.043526,-0.015905,-0.043793,-0.015905,-0.044177,-0.015974,-0.043118,-0.015136,-0.007774,0.001721
0.25000,-0.043944,-0.016349,-0.044206,-0.016341,-0.044574,-0.016413,-0.043513,-0.015532,-0.002708,-0.013448
0.25500,-0.044361,-0.016793,-0.044619,-0.016779,-0.044969,-0.016851,-0.043903,-0.015934,-0.003988,-0.014799
0.26000,-0.044775,-0.017237,-0.045032,-0.017216,-0.045361,-0.017291,-0.044306,-0.016327,-0.006411,-0.002676
0.26500,-0.045188,-0.017679,-0.045440,-0.017652,-0.045749,-0.017725,-0.044732,-0.016734,-0.004380,-0.000082
0.27000,-0.045598,-0.018120,-0.045844,-0.018085,-0.046138,-0.018154,-0.045171,-0.017146,-0.002035,-0.003049
0.27500,-0.046008,-0.018557,-0.046248,-0.018521,-0.046531,-0.018576,-0.045617,-0.017571,-0.003743,-0.012186
0.28000,-0.046417,-0.018991,-0.046648,-0.018961,-0.046926,-0.018998,-0.046062,-0.018001,-0.003607,-0.016378
0.28500,-0.046825,-0.019424,-0.047046,-0.019402,-0.047325,-0.019428,-0.046499,-0.018439,0.000496,-0.018388
0.29000,-0.047230,-0.019856,-0.047441,-0.019840,-0.047724,-0.019863,-0.046921,-0.018864,0.003130,-0.019238
0.29500,-0.047635,-0.020287,-0.047834,-0.020275,-0.048124,-0.020293,-0.047331,-0.019285,0.002398,-0.016827
0.30000,-0.048037,-0.020714,-0.048223,-0.020705,-0.048523,-0.020713,-0.047733,-0.019696,0.000548,-0.006706
0.30500,-0.048436,-0.021137,-0.048606,-0.021131,-0.048918,-0.021127,-0.048122,-0.020108,-0.000368,0.003836
0.31000,-0.048832,-0.021556,-0.048984,-0.021551,-0.049312,-0.021530,-0.048503,-0.020512,-0.001321,0.002856
0.31500,-0.049224,-0.021970,-0.049355,-0.021965,-0.049709,-0.021925,-0.048873,-0.020913,0.000325,-0.007203
0.32000,-0.049608,-0.022378,-0.049718,-0.022375,-0.050111,-0.022313,-0.049236,-0.021308,0.004360,-0.026698
0.32500,-0.049983,-0.022779,-0.050071,-0.022780,-0.050507,-0.022700,-0.049590,-0.021703,0.003667,-0.032803
0.33000,-0.050345,-0.023175,-0.050413,-0.023181,-0.050890,-0.023089,-0.049929,-0.022090,0.001570,-0.033168
0.33500,-0.050690,-0.023565,-0.050742,-0.023574,-0.051242,-0.023466,-0.050252,-0.022473,0.006340,-0.028174
0.34000,-0.051012,-0.023948,-0.051049,-0.023955,-0.051560,-0.023836,-0.050547,-0.022846,0.019001,-0.013309
0.34500,-0.051299,-0.024323,-0.051322,-0.024322,-0.051834,-0.024193,-0.050813,-0.023214,0.024582,-0.003204
0.35000,-0.051539,-0.024688,-0.051548,-0.024676,-0.052057,-0.024539,-0.051034,-0.023563,0.014259,0.017966
0.35500,-0.051713,-0.025041,-0.051707,-0.025017,-0.052211,-0.024879,-0.051201,-0.023899,0.002406,0.017293
0.36000,-0.051797,-0.025381,-0.051776,-0.025345,-0.052272,-0.025209,-0.051285,-0.024209,-0.000238,0.015308
0.36500,-0.051755,-0.025706,-0.051726,-0.025659,-0.052211,-0.025527,-0.051260,-0.024509,0.001251,0.014187
0.37000,-0.051544,-0.026013,-0.051516,-0.025963,-0.051985,-0.025832,-0.051083,-0.024806,0.002440,0.012208
0.37500,-0.051104,-0.026301,-0.051088,-0.026255,-0.051533,-0.026129,-0.050706,-0.025106,0.001613,0.001732
0.38000,-0.050359,-0.026568,-0.050368,-0.026533,-0.050787,-0.026417,-0.050044,-0.025373,0.000939,-0.006678
0.38500,-0.049217,-0.026812,-0.049255,-0.026793,-0.049651,-0.026688,-0.049034,-0.025607,0.003437,0.018030
0.39000,-0.047564,-0.027033,-0.047625,-0.027031,-0.048027,-0.026932,-0.047516,-0.025822,0.007820,0.046779
0.39500,-0.045264,-0.027229,-0.045326,-0.027246,-0.045744,-0.027132,-0.045415,-0.026020,0.010499,0.043299
0.40000,-0.042155,-0.027397,-0.042184,-0.027434,-0.042621,-0.027288,-0.042505,-0.026186,0.008297,0.020887
0.40500,-0.038032,-0.027532,-0.037972,-0.027592,-0.038446,-0.027410,-0.038610,-0.026319,0.000153,0.000481
0.41000,-0.032645,-0.027629,-0.032425,-0.027711,-0.033044,-0.027508,-0.033492,-0.026426,-0.000680,-0.001675
0.41500,-0.025708,-0.027680,-0.025168,-0.027785,-0.026173,-0.027578,-0.026939,-0.026504,-0.000929,-0.004839
0.42000,-0.016874,-0.027677,-0.015838,-0.027807,-0.017406,-0.027603,-0.018783,-0.026541,-0.002464,-0.016623
0.42500,-0.005718,-0.027610,-0.004123,-0.027769,-0.006317,-0.027561,-0.008141,-0.026545,-0.004493,-0.001534
0.43000,0.008222,-0.027468,0.010335,-0.027662,0.007362,-0.027443,0.004754,-0.026519,-0.004139,0.027896
0.43500,0.025378,-0.027237,0.027841,-0.027468,0.024347,-0.027240,0.021006,-0.026448,-0.005089,0.070495
0.44000,0.046190,-0.026903,0.048838,-0.027170,0.045270,-0.026933,0.041603,-0.026292,-0.008753,0.078203
0.44500,0.071185,-0.026448,0.073574,-0.026751,0.070525,-0.026505,0.067102,-0.026010,-0.005855,0.075838
0.45000,0.100966,-0.025856,0.102608,-0.026187,0.100248,-0.025950,0.098143,-0.025570,0.000566,0.069393
0.45500,0.136196,-0.025105,0.136718,-0.025458,0.135236,-0.025249,0.136187,-0.024976,-0.002668,0.040401
0.46000,0.177371,-0.024173,0.176986,-0.024540,0.175213,-0.024355,0.179545,-0.024203,-0.006407,0.025688
0.46500,0.225141,-0.023042,0.224595,-0.023412,0.220819,-0.023249,0.230340,-0.023250,-0.008858,0.017913
0.47000,0.280186,-0.021690,0.279417,-0.022053,0.272269,-0.021927,0.288241,-0.022042,-0.004644,0.003683
0.47500,0.343007,-0.020095,0.341152,-0.020448,0.330763,-0.020355,0.351529,-0.020564,0.028989,0.001353
0.48000,0.413463,-0.018232,0.410824,-0.018573,0.398103,-0.018461,0.421562,-0.018798,0.051103,0.007468
0.48500,0.491326,-0.016077,0.489898,-0.016389,0.476919,-0.016246,0.503096,-0.016721,0.038334,0.008137
0.49000,0.577089,-0.013599,0.577615,-0.013856,0.567359,-0.013754,0.590053,-0.014234,0.040402,0.005610
0.49500,0.670224,-0.010797,0.672879,-0.010951,0.667986,-0.010902,0.677334,-0.011326,0.061753,0.004755
0.50000,0.766275,-0.007799,0.772914,-0.007780,0.774166,-0.007626,0.777061,-0.007993,0.116614,0.001919
