selftest_2d_n1000_K8	selftest	extra	cavity2d_n1000	8	0	-	-	selftest_2d_n1000_K8	B	wqd10nbj02g1
pre_2d_n8000_k1_x8_g0	precheck	precheck	cavity2d_n8000	1	0	k1	cavity2d_n8000	pre_2d_n8000_k1_x8	B	wqd10nbj02g1
pre_2d_n8000_k1_x8_g1	precheck	precheck	cavity2d_n8000	1	0	k1	cavity2d_n8000	pre_2d_n8000_k1_x8	B	wqd10nbj02g1
pre_2d_n8000_k1_x8_g2	precheck	precheck	cavity2d_n8000	1	0	k1	cavity2d_n8000	pre_2d_n8000_k1_x8	B	wqd10nbj02g1
pre_2d_n8000_k1_x8_g3	precheck	precheck	cavity2d_n8000	1	0	k1	cavity2d_n8000	pre_2d_n8000_k1_x8	B	wqd10nbj02g1
pre_2d_n8000_k1_x8_g4	precheck	precheck	cavity2d_n8000	1	0	k1	cavity2d_n8000	pre_2d_n8000_k1_x8	B	wqd10nbj02g1
pre_2d_n8000_k1_x8_g5	precheck	precheck	cavity2d_n8000	1	0	k1	cavity2d_n8000	pre_2d_n8000_k1_x8	B	wqd10nbj02g1
pre_2d_n8000_k1_x8_g6	precheck	precheck	cavity2d_n8000	1	0	k1	cavity2d_n8000	pre_2d_n8000_k1_x8	B	wqd10nbj02g1
pre_2d_n8000_k1_x8_g7	precheck	precheck	cavity2d_n8000	1	0	k1	cavity2d_n8000	pre_2d_n8000_k1_x8	B	wqd10nbj02g1
pre_2d_n9000_k1_x8_g0	precheck	precheck	cavity2d_n9000	1	0	k1	cavity2d_n9000	pre_2d_n9000_k1_x8	B	wqd10nbj02g1
pre_2d_n9000_k1_x8_g1	precheck	precheck	cavity2d_n9000	1	0	k1	cavity2d_n9000	pre_2d_n9000_k1_x8	B	wqd10nbj02g1
pre_2d_n9000_k1_x8_g2	precheck	precheck	cavity2d_n9000	1	0	k1	cavity2d_n9000	pre_2d_n9000_k1_x8	B	wqd10nbj02g1
pre_2d_n9000_k1_x8_g3	precheck	precheck	cavity2d_n9000	1	0	k1	cavity2d_n9000	pre_2d_n9000_k1_x8	B	wqd10nbj02g1
pre_2d_n9000_k1_x8_g4	precheck	precheck	cavity2d_n9000	1	0	k1	cavity2d_n9000	pre_2d_n9000_k1_x8	B	wqd10nbj02g1
pre_2d_n9000_k1_x8_g5	precheck	precheck	cavity2d_n9000	1	0	k1	cavity2d_n9000	pre_2d_n9000_k1_x8	B	wqd10nbj02g1
pre_2d_n9000_k1_x8_g6	precheck	precheck	cavity2d_n9000	1	0	k1	cavity2d_n9000	pre_2d_n9000_k1_x8	B	wqd10nbj02g1
pre_2d_n9000_k1_x8_g7	precheck	precheck	cavity2d_n9000	1	0	k1	cavity2d_n9000	pre_2d_n9000_k1_x8	B	wqd10nbj02g1
pre_3d_n160_k8_k1_x8_g0	precheck	precheck	cavity3d_n160_k8	1	0	k1	cavity3d_n160_k8	pre_3d_n160_k8_k1_x8	B	wqd10nbj02g1
pre_3d_n160_k8_k1_x8_g1	precheck	precheck	cavity3d_n160_k8	1	0	k1	cavity3d_n160_k8	pre_3d_n160_k8_k1_x8	B	wqd10nbj02g1
pre_3d_n160_k8_k1_x8_g2	precheck	precheck	cavity3d_n160_k8	1	0	k1	cavity3d_n160_k8	pre_3d_n160_k8_k1_x8	B	wqd10nbj02g1
pre_3d_n160_k8_k1_x8_g3	precheck	precheck	cavity3d_n160_k8	1	0	k1	cavity3d_n160_k8	pre_3d_n160_k8_k1_x8	B	wqd10nbj02g1
pre_3d_n160_k8_k1_x8_g4	precheck	precheck	cavity3d_n160_k8	1	0	k1	cavity3d_n160_k8	pre_3d_n160_k8_k1_x8	B	wqd10nbj02g1
pre_3d_n160_k8_k1_x8_g5	precheck	precheck	cavity3d_n160_k8	1	0	k1	cavity3d_n160_k8	pre_3d_n160_k8_k1_x8	B	wqd10nbj02g1
pre_3d_n160_k8_k1_x8_g6	precheck	precheck	cavity3d_n160_k8	1	0	k1	cavity3d_n160_k8	pre_3d_n160_k8_k1_x8	B	wqd10nbj02g1
pre_3d_n160_k8_k1_x8_g7	precheck	precheck	cavity3d_n160_k8	1	0	k1	cavity3d_n160_k8	pre_3d_n160_k8_k1_x8	B	wqd10nbj02g1
pre_3d_n200_k8_k1_x8_g0	precheck	precheck	cavity3d_n200_k8	1	0	k1	cavity3d_n200_k8	pre_3d_n200_k8_k1_x8	B	wqd10nbj02g1
pre_3d_n200_k8_k1_x8_g1	precheck	precheck	cavity3d_n200_k8	1	0	k1	cavity3d_n200_k8	pre_3d_n200_k8_k1_x8	B	wqd10nbj02g1
pre_3d_n200_k8_k1_x8_g2	precheck	precheck	cavity3d_n200_k8	1	0	k1	cavity3d_n200_k8	pre_3d_n200_k8_k1_x8	B	wqd10nbj02g1
pre_3d_n200_k8_k1_x8_g3	precheck	precheck	cavity3d_n200_k8	1	0	k1	cavity3d_n200_k8	pre_3d_n200_k8_k1_x8	B	wqd10nbj02g1
pre_3d_n200_k8_k1_x8_g4	precheck	precheck	cavity3d_n200_k8	1	0	k1	cavity3d_n200_k8	pre_3d_n200_k8_k1_x8	B	wqd10nbj02g1
pre_3d_n200_k8_k1_x8_g5	precheck	precheck	cavity3d_n200_k8	1	0	k1	cavity3d_n200_k8	pre_3d_n200_k8_k1_x8	B	wqd10nbj02g1
pre_3d_n200_k8_k1_x8_g6	precheck	precheck	cavity3d_n200_k8	1	0	k1	cavity3d_n200_k8	pre_3d_n200_k8_k1_x8	B	wqd10nbj02g1
pre_3d_n200_k8_k1_x8_g7	precheck	precheck	cavity3d_n200_k8	1	0	k1	cavity3d_n200_k8	pre_3d_n200_k8_k1_x8	B	wqd10nbj02g1
pre_3d_n416_k1_x8_g0	precheck	precheck	cavity3d_n416	1	0	k1	cavity3d_n416	pre_3d_n416_k1_x8	B	wqd10nbj02g1
pre_3d_n416_k1_x8_g1	precheck	precheck	cavity3d_n416	1	0	k1	cavity3d_n416	pre_3d_n416_k1_x8	B	wqd10nbj02g1
pre_3d_n416_k1_x8_g2	precheck	precheck	cavity3d_n416	1	0	k1	cavity3d_n416	pre_3d_n416_k1_x8	B	wqd10nbj02g1
pre_3d_n416_k1_x8_g3	precheck	precheck	cavity3d_n416	1	0	k1	cavity3d_n416	pre_3d_n416_k1_x8	B	wqd10nbj02g1
pre_3d_n416_k1_x8_g4	precheck	precheck	cavity3d_n416	1	0	k1	cavity3d_n416	pre_3d_n416_k1_x8	B	wqd10nbj02g1
pre_3d_n416_k1_x8_g5	precheck	precheck	cavity3d_n416	1	0	k1	cavity3d_n416	pre_3d_n416_k1_x8	B	wqd10nbj02g1
pre_3d_n416_k1_x8_g6	precheck	precheck	cavity3d_n416	1	0	k1	cavity3d_n416	pre_3d_n416_k1_x8	B	wqd10nbj02g1
pre_3d_n416_k1_x8_g7	precheck	precheck	cavity3d_n416	1	0	k1	cavity3d_n416	pre_3d_n416_k1_x8	B	wqd10nbj02g1
pre_2d_n11320_pairs_x4_p0	precheck	precheck	cavity2d_n11320	2	0	pairs	cavity2d_n11320	pre_2d_n11320_pairs_x4	B	wqd10nbj02g1
pre_2d_n11320_pairs_x4_p1	precheck	precheck	cavity2d_n11320	2	0	pairs	cavity2d_n11320	pre_2d_n11320_pairs_x4	B	wqd10nbj02g1
pre_2d_n11320_pairs_x4_p2	precheck	precheck	cavity2d_n11320	2	0	pairs	cavity2d_n11320	pre_2d_n11320_pairs_x4	B	wqd10nbj02g1
pre_2d_n11320_pairs_x4_p3	precheck	precheck	cavity2d_n11320	2	0	pairs	cavity2d_n11320	pre_2d_n11320_pairs_x4	B	wqd10nbj02g1
cal_2d_n8000_K8	calibration	F1+F7	cavity2d_n8000	8	0	-	-	2d_n8000_K8	B	wqd10nbj02g1
2d_n8000_K8_t1_R1_2d_n8000_g0	reference	F1+F7	cavity2d_n8000	1	1	same	cavity2d_n8000	2d_n8000_K8	B	wqd10nbj02g1
2d_n8000_K8_t1_R1_2d_n8000_g1	reference	F1+F7	cavity2d_n8000	1	1	same	cavity2d_n8000	2d_n8000_K8	B	wqd10nbj02g1
2d_n8000_K8_t1_R1_2d_n8000_g2	reference	F1+F7	cavity2d_n8000	1	1	same	cavity2d_n8000	2d_n8000_K8	B	wqd10nbj02g1
2d_n8000_K8_t1_R1_2d_n8000_g3	reference	F1+F7	cavity2d_n8000	1	1	same	cavity2d_n8000	2d_n8000_K8	B	wqd10nbj02g1
2d_n8000_K8_t1_R1_2d_n8000_g4	reference	F1+F7	cavity2d_n8000	1	1	same	cavity2d_n8000	2d_n8000_K8	B	wqd10nbj02g1
2d_n8000_K8_t1_R1_2d_n8000_g5	reference	F1+F7	cavity2d_n8000	1	1	same	cavity2d_n8000	2d_n8000_K8	B	wqd10nbj02g1
2d_n8000_K8_t1_R1_2d_n8000_g6	reference	F1+F7	cavity2d_n8000	1	1	same	cavity2d_n8000	2d_n8000_K8	B	wqd10nbj02g1
2d_n8000_K8_t1_R1_2d_n8000_g7	reference	F1+F7	cavity2d_n8000	1	1	same	cavity2d_n8000	2d_n8000_K8	B	wqd10nbj02g1
2d_n8000_K8_t1_E	equal	F1+F7	cavity2d_n8000	8	1	-	-	2d_n8000_K8	B	wqd10nbj02g1
2d_n8000_K8_t1_C	calibrated	F1+F7	cavity2d_n8000	8	1	-	-	2d_n8000_K8	B	wqd10nbj02g1
2d_n8000_K8_t2_E	equal	F1+F7	cavity2d_n8000	8	2	-	-	2d_n8000_K8	B	wqd10nbj02g1
2d_n8000_K8_t2_C	calibrated	F1+F7	cavity2d_n8000	8	2	-	-	2d_n8000_K8	B	wqd10nbj02g1
2d_n8000_K8_t2_R1_2d_n8000_g0	reference	F1+F7	cavity2d_n8000	1	2	same	cavity2d_n8000	2d_n8000_K8	B	wqd10nbj02g1
2d_n8000_K8_t2_R1_2d_n8000_g1	reference	F1+F7	cavity2d_n8000	1	2	same	cavity2d_n8000	2d_n8000_K8	B	wqd10nbj02g1
2d_n8000_K8_t2_R1_2d_n8000_g2	reference	F1+F7	cavity2d_n8000	1	2	same	cavity2d_n8000	2d_n8000_K8	B	wqd10nbj02g1
2d_n8000_K8_t2_R1_2d_n8000_g3	reference	F1+F7	cavity2d_n8000	1	2	same	cavity2d_n8000	2d_n8000_K8	B	wqd10nbj02g1
2d_n8000_K8_t2_R1_2d_n8000_g4	reference	F1+F7	cavity2d_n8000	1	2	same	cavity2d_n8000	2d_n8000_K8	B	wqd10nbj02g1
2d_n8000_K8_t2_R1_2d_n8000_g5	reference	F1+F7	cavity2d_n8000	1	2	same	cavity2d_n8000	2d_n8000_K8	B	wqd10nbj02g1
2d_n8000_K8_t2_R1_2d_n8000_g6	reference	F1+F7	cavity2d_n8000	1	2	same	cavity2d_n8000	2d_n8000_K8	B	wqd10nbj02g1
2d_n8000_K8_t2_R1_2d_n8000_g7	reference	F1+F7	cavity2d_n8000	1	2	same	cavity2d_n8000	2d_n8000_K8	B	wqd10nbj02g1
2d_n8000_K8_t3_C	calibrated	F1+F7	cavity2d_n8000	8	3	-	-	2d_n8000_K8	B	wqd10nbj02g1
2d_n8000_K8_t3_R1_2d_n8000_g0	reference	F1+F7	cavity2d_n8000	1	3	same	cavity2d_n8000	2d_n8000_K8	B	wqd10nbj02g1
2d_n8000_K8_t3_R1_2d_n8000_g1	reference	F1+F7	cavity2d_n8000	1	3	same	cavity2d_n8000	2d_n8000_K8	B	wqd10nbj02g1
2d_n8000_K8_t3_R1_2d_n8000_g2	reference	F1+F7	cavity2d_n8000	1	3	same	cavity2d_n8000	2d_n8000_K8	B	wqd10nbj02g1
2d_n8000_K8_t3_R1_2d_n8000_g3	reference	F1+F7	cavity2d_n8000	1	3	same	cavity2d_n8000	2d_n8000_K8	B	wqd10nbj02g1
2d_n8000_K8_t3_R1_2d_n8000_g4	reference	F1+F7	cavity2d_n8000	1	3	same	cavity2d_n8000	2d_n8000_K8	B	wqd10nbj02g1
2d_n8000_K8_t3_R1_2d_n8000_g5	reference	F1+F7	cavity2d_n8000	1	3	same	cavity2d_n8000	2d_n8000_K8	B	wqd10nbj02g1
2d_n8000_K8_t3_R1_2d_n8000_g6	reference	F1+F7	cavity2d_n8000	1	3	same	cavity2d_n8000	2d_n8000_K8	B	wqd10nbj02g1
2d_n8000_K8_t3_R1_2d_n8000_g7	reference	F1+F7	cavity2d_n8000	1	3	same	cavity2d_n8000	2d_n8000_K8	B	wqd10nbj02g1
2d_n8000_K8_t3_E	equal	F1+F7	cavity2d_n8000	8	3	-	-	2d_n8000_K8	B	wqd10nbj02g1
2d_n8000_K8_trace_E	trace_equal	F1+F7	cavity2d_n8000	8	0	-	-	2d_n8000_K8	B	wqd10nbj02g1
2d_n8000_K8_trace_C	trace_calibrated	F1+F7	cavity2d_n8000	8	0	-	-	2d_n8000_K8	B	wqd10nbj02g1
cal_2d_n4000_K8	calibration	F1+F7	cavity2d_n4000	8	0	-	-	2d_n4000_K8	B	wqd10nbj02g1
2d_n4000_K8_t1_R1_2d_n4000_g0	reference	F1+F7	cavity2d_n4000	1	1	same	cavity2d_n4000	2d_n4000_K8	B	wqd10nbj02g1
2d_n4000_K8_t1_R1_2d_n4000_g1	reference	F1+F7	cavity2d_n4000	1	1	same	cavity2d_n4000	2d_n4000_K8	B	wqd10nbj02g1
2d_n4000_K8_t1_R1_2d_n4000_g2	reference	F1+F7	cavity2d_n4000	1	1	same	cavity2d_n4000	2d_n4000_K8	B	wqd10nbj02g1
2d_n4000_K8_t1_R1_2d_n4000_g3	reference	F1+F7	cavity2d_n4000	1	1	same	cavity2d_n4000	2d_n4000_K8	B	wqd10nbj02g1
2d_n4000_K8_t1_R1_2d_n4000_g4	reference	F1+F7	cavity2d_n4000	1	1	same	cavity2d_n4000	2d_n4000_K8	B	wqd10nbj02g1
2d_n4000_K8_t1_R1_2d_n4000_g5	reference	F1+F7	cavity2d_n4000	1	1	same	cavity2d_n4000	2d_n4000_K8	B	wqd10nbj02g1
2d_n4000_K8_t1_R1_2d_n4000_g6	reference	F1+F7	cavity2d_n4000	1	1	same	cavity2d_n4000	2d_n4000_K8	B	wqd10nbj02g1
2d_n4000_K8_t1_R1_2d_n4000_g7	reference	F1+F7	cavity2d_n4000	1	1	same	cavity2d_n4000	2d_n4000_K8	B	wqd10nbj02g1
2d_n4000_K8_t1_E	equal	F1+F7	cavity2d_n4000	8	1	-	-	2d_n4000_K8	B	wqd10nbj02g1
2d_n4000_K8_t1_C	calibrated	F1+F7	cavity2d_n4000	8	1	-	-	2d_n4000_K8	B	wqd10nbj02g1
2d_n4000_K8_t2_E	equal	F1+F7	cavity2d_n4000	8	2	-	-	2d_n4000_K8	B	wqd10nbj02g1
2d_n4000_K8_t2_C	calibrated	F1+F7	cavity2d_n4000	8	2	-	-	2d_n4000_K8	B	wqd10nbj02g1
2d_n4000_K8_t2_R1_2d_n4000_g0	reference	F1+F7	cavity2d_n4000	1	2	same	cavity2d_n4000	2d_n4000_K8	B	wqd10nbj02g1
2d_n4000_K8_t2_R1_2d_n4000_g1	reference	F1+F7	cavity2d_n4000	1	2	same	cavity2d_n4000	2d_n4000_K8	B	wqd10nbj02g1
2d_n4000_K8_t2_R1_2d_n4000_g2	reference	F1+F7	cavity2d_n4000	1	2	same	cavity2d_n4000	2d_n4000_K8	B	wqd10nbj02g1
2d_n4000_K8_t2_R1_2d_n4000_g3	reference	F1+F7	cavity2d_n4000	1	2	same	cavity2d_n4000	2d_n4000_K8	B	wqd10nbj02g1
2d_n4000_K8_t2_R1_2d_n4000_g4	reference	F1+F7	cavity2d_n4000	1	2	same	cavity2d_n4000	2d_n4000_K8	B	wqd10nbj02g1
2d_n4000_K8_t2_R1_2d_n4000_g5	reference	F1+F7	cavity2d_n4000	1	2	same	cavity2d_n4000	2d_n4000_K8	B	wqd10nbj02g1
2d_n4000_K8_t2_R1_2d_n4000_g6	reference	F1+F7	cavity2d_n4000	1	2	same	cavity2d_n4000	2d_n4000_K8	B	wqd10nbj02g1
2d_n4000_K8_t2_R1_2d_n4000_g7	reference	F1+F7	cavity2d_n4000	1	2	same	cavity2d_n4000	2d_n4000_K8	B	wqd10nbj02g1
2d_n4000_K8_t3_C	calibrated	F1+F7	cavity2d_n4000	8	3	-	-	2d_n4000_K8	B	wqd10nbj02g1
2d_n4000_K8_t3_R1_2d_n4000_g0	reference	F1+F7	cavity2d_n4000	1	3	same	cavity2d_n4000	2d_n4000_K8	B	wqd10nbj02g1
2d_n4000_K8_t3_R1_2d_n4000_g1	reference	F1+F7	cavity2d_n4000	1	3	same	cavity2d_n4000	2d_n4000_K8	B	wqd10nbj02g1
2d_n4000_K8_t3_R1_2d_n4000_g2	reference	F1+F7	cavity2d_n4000	1	3	same	cavity2d_n4000	2d_n4000_K8	B	wqd10nbj02g1
2d_n4000_K8_t3_R1_2d_n4000_g3	reference	F1+F7	cavity2d_n4000	1	3	same	cavity2d_n4000	2d_n4000_K8	B	wqd10nbj02g1
2d_n4000_K8_t3_R1_2d_n4000_g4	reference	F1+F7	cavity2d_n4000	1	3	same	cavity2d_n4000	2d_n4000_K8	B	wqd10nbj02g1
2d_n4000_K8_t3_R1_2d_n4000_g5	reference	F1+F7	cavity2d_n4000	1	3	same	cavity2d_n4000	2d_n4000_K8	B	wqd10nbj02g1
2d_n4000_K8_t3_R1_2d_n4000_g6	reference	F1+F7	cavity2d_n4000	1	3	same	cavity2d_n4000	2d_n4000_K8	B	wqd10nbj02g1
2d_n4000_K8_t3_R1_2d_n4000_g7	reference	F1+F7	cavity2d_n4000	1	3	same	cavity2d_n4000	2d_n4000_K8	B	wqd10nbj02g1
2d_n4000_K8_t3_E	equal	F1+F7	cavity2d_n4000	8	3	-	-	2d_n4000_K8	B	wqd10nbj02g1
2d_n4000_K8_t4_R1_2d_n4000_g0	reference	F1+F7	cavity2d_n4000	1	4	same	cavity2d_n4000	2d_n4000_K8	B	wqd10nbj02g1
2d_n4000_K8_t4_R1_2d_n4000_g1	reference	F1+F7	cavity2d_n4000	1	4	same	cavity2d_n4000	2d_n4000_K8	B	wqd10nbj02g1
2d_n4000_K8_t4_R1_2d_n4000_g2	reference	F1+F7	cavity2d_n4000	1	4	same	cavity2d_n4000	2d_n4000_K8	B	wqd10nbj02g1
2d_n4000_K8_t4_R1_2d_n4000_g3	reference	F1+F7	cavity2d_n4000	1	4	same	cavity2d_n4000	2d_n4000_K8	B	wqd10nbj02g1
2d_n4000_K8_t4_R1_2d_n4000_g4	reference	F1+F7	cavity2d_n4000	1	4	same	cavity2d_n4000	2d_n4000_K8	B	wqd10nbj02g1
2d_n4000_K8_t4_R1_2d_n4000_g5	reference	F1+F7	cavity2d_n4000	1	4	same	cavity2d_n4000	2d_n4000_K8	B	wqd10nbj02g1
2d_n4000_K8_t4_R1_2d_n4000_g6	reference	F1+F7	cavity2d_n4000	1	4	same	cavity2d_n4000	2d_n4000_K8	B	wqd10nbj02g1
2d_n4000_K8_t4_R1_2d_n4000_g7	reference	F1+F7	cavity2d_n4000	1	4	same	cavity2d_n4000	2d_n4000_K8	B	wqd10nbj02g1
2d_n4000_K8_t4_E	equal	F1+F7	cavity2d_n4000	8	4	-	-	2d_n4000_K8	B	wqd10nbj02g1
2d_n4000_K8_t4_C	calibrated	F1+F7	cavity2d_n4000	8	4	-	-	2d_n4000_K8	B	wqd10nbj02g1
2d_n4000_K8_t5_E	equal	F1+F7	cavity2d_n4000	8	5	-	-	2d_n4000_K8	B	wqd10nbj02g1
2d_n4000_K8_t5_C	calibrated	F1+F7	cavity2d_n4000	8	5	-	-	2d_n4000_K8	B	wqd10nbj02g1
2d_n4000_K8_t5_R1_2d_n4000_g0	reference	F1+F7	cavity2d_n4000	1	5	same	cavity2d_n4000	2d_n4000_K8	B	wqd10nbj02g1
2d_n4000_K8_t5_R1_2d_n4000_g1	reference	F1+F7	cavity2d_n4000	1	5	same	cavity2d_n4000	2d_n4000_K8	B	wqd10nbj02g1
2d_n4000_K8_t5_R1_2d_n4000_g2	reference	F1+F7	cavity2d_n4000	1	5	same	cavity2d_n4000	2d_n4000_K8	B	wqd10nbj02g1
2d_n4000_K8_t5_R1_2d_n4000_g3	reference	F1+F7	cavity2d_n4000	1	5	same	cavity2d_n4000	2d_n4000_K8	B	wqd10nbj02g1
2d_n4000_K8_t5_R1_2d_n4000_g4	reference	F1+F7	cavity2d_n4000	1	5	same	cavity2d_n4000	2d_n4000_K8	B	wqd10nbj02g1
2d_n4000_K8_t5_R1_2d_n4000_g5	reference	F1+F7	cavity2d_n4000	1	5	same	cavity2d_n4000	2d_n4000_K8	B	wqd10nbj02g1
2d_n4000_K8_t5_R1_2d_n4000_g6	reference	F1+F7	cavity2d_n4000	1	5	same	cavity2d_n4000	2d_n4000_K8	B	wqd10nbj02g1
2d_n4000_K8_t5_R1_2d_n4000_g7	reference	F1+F7	cavity2d_n4000	1	5	same	cavity2d_n4000	2d_n4000_K8	B	wqd10nbj02g1
2d_n4000_K8_trace_E	trace_equal	F1+F7	cavity2d_n4000	8	0	-	-	2d_n4000_K8	B	wqd10nbj02g1
2d_n4000_K8_trace_C	trace_calibrated	F1+F7	cavity2d_n4000	8	0	-	-	2d_n4000_K8	B	wqd10nbj02g1
cal_2d_n11320_K8	calibration	F1	cavity2d_n11320	8	0	-	-	2d_n11320_K8	B	wqd10nbj02g1
2d_n11320_K8_t1_RP_2d_n11320_p0	reference	F1	cavity2d_n11320	2	1	pairs	cavity2d_n11320	2d_n11320_K8	B	wqd10nbj02g1
2d_n11320_K8_t1_RP_2d_n11320_p1	reference	F1	cavity2d_n11320	2	1	pairs	cavity2d_n11320	2d_n11320_K8	B	wqd10nbj02g1
2d_n11320_K8_t1_RP_2d_n11320_p2	reference	F1	cavity2d_n11320	2	1	pairs	cavity2d_n11320	2d_n11320_K8	B	wqd10nbj02g1
2d_n11320_K8_t1_RP_2d_n11320_p3	reference	F1	cavity2d_n11320	2	1	pairs	cavity2d_n11320	2d_n11320_K8	B	wqd10nbj02g1
2d_n11320_K8_t1_E	equal	F1	cavity2d_n11320	8	1	-	-	2d_n11320_K8	B	wqd10nbj02g1
2d_n11320_K8_t1_C	calibrated	F1	cavity2d_n11320	8	1	-	-	2d_n11320_K8	B	wqd10nbj02g1
2d_n11320_K8_t2_E	equal	F1	cavity2d_n11320	8	2	-	-	2d_n11320_K8	B	wqd10nbj02g1
2d_n11320_K8_t2_C	calibrated	F1	cavity2d_n11320	8	2	-	-	2d_n11320_K8	B	wqd10nbj02g1
2d_n11320_K8_t2_RP_2d_n11320_p0	reference	F1	cavity2d_n11320	2	2	pairs	cavity2d_n11320	2d_n11320_K8	B	wqd10nbj02g1
2d_n11320_K8_t2_RP_2d_n11320_p1	reference	F1	cavity2d_n11320	2	2	pairs	cavity2d_n11320	2d_n11320_K8	B	wqd10nbj02g1
2d_n11320_K8_t2_RP_2d_n11320_p2	reference	F1	cavity2d_n11320	2	2	pairs	cavity2d_n11320	2d_n11320_K8	B	wqd10nbj02g1
2d_n11320_K8_t2_RP_2d_n11320_p3	reference	F1	cavity2d_n11320	2	2	pairs	cavity2d_n11320	2d_n11320_K8	B	wqd10nbj02g1
2d_n11320_K8_t3_C	calibrated	F1	cavity2d_n11320	8	3	-	-	2d_n11320_K8	B	wqd10nbj02g1
2d_n11320_K8_t3_RP_2d_n11320_p0	reference	F1	cavity2d_n11320	2	3	pairs	cavity2d_n11320	2d_n11320_K8	B	wqd10nbj02g1
2d_n11320_K8_t3_RP_2d_n11320_p1	reference	F1	cavity2d_n11320	2	3	pairs	cavity2d_n11320	2d_n11320_K8	B	wqd10nbj02g1
2d_n11320_K8_t3_RP_2d_n11320_p2	reference	F1	cavity2d_n11320	2	3	pairs	cavity2d_n11320	2d_n11320_K8	B	wqd10nbj02g1
2d_n11320_K8_t3_RP_2d_n11320_p3	reference	F1	cavity2d_n11320	2	3	pairs	cavity2d_n11320	2d_n11320_K8	B	wqd10nbj02g1
2d_n11320_K8_t3_E	equal	F1	cavity2d_n11320	8	3	-	-	2d_n11320_K8	B	wqd10nbj02g1
2d_n11320_K8_trace_E	trace_equal	F1	cavity2d_n11320	8	0	-	-	2d_n11320_K8	B	wqd10nbj02g1
2d_n11320_K8_trace_C	trace_calibrated	F1	cavity2d_n11320	8	0	-	-	2d_n11320_K8	B	wqd10nbj02g1
cal_3d_n160_k8_K8	calibration	F4+F5	cavity3d_n160_k8	8	0	-	-	3d_n160_k8_K8	B	wqd10nbj02g1
3d_n160_k8_K8_t1_R1_3d_n160_g0	reference	F4+F5	cavity3d_n160	1	1	cavity3d_n160	cavity3d_n160	3d_n160_k8_K8	B	wqd10nbj02g1
3d_n160_k8_K8_t1_R1_3d_n160_g1	reference	F4+F5	cavity3d_n160	1	1	cavity3d_n160	cavity3d_n160	3d_n160_k8_K8	B	wqd10nbj02g1
3d_n160_k8_K8_t1_R1_3d_n160_g2	reference	F4+F5	cavity3d_n160	1	1	cavity3d_n160	cavity3d_n160	3d_n160_k8_K8	B	wqd10nbj02g1
3d_n160_k8_K8_t1_R1_3d_n160_g3	reference	F4+F5	cavity3d_n160	1	1	cavity3d_n160	cavity3d_n160	3d_n160_k8_K8	B	wqd10nbj02g1
3d_n160_k8_K8_t1_R1_3d_n160_g4	reference	F4+F5	cavity3d_n160	1	1	cavity3d_n160	cavity3d_n160	3d_n160_k8_K8	B	wqd10nbj02g1
3d_n160_k8_K8_t1_R1_3d_n160_g5	reference	F4+F5	cavity3d_n160	1	1	cavity3d_n160	cavity3d_n160	3d_n160_k8_K8	B	wqd10nbj02g1
3d_n160_k8_K8_t1_R1_3d_n160_g6	reference	F4+F5	cavity3d_n160	1	1	cavity3d_n160	cavity3d_n160	3d_n160_k8_K8	B	wqd10nbj02g1
3d_n160_k8_K8_t1_R1_3d_n160_g7	reference	F4+F5	cavity3d_n160	1	1	cavity3d_n160	cavity3d_n160	3d_n160_k8_K8	B	wqd10nbj02g1
3d_n160_k8_K8_t1_R1_3d_n160_k8_g0	reference	F4+F5	cavity3d_n160_k8	1	1	same	cavity3d_n160_k8	3d_n160_k8_K8	B	wqd10nbj02g1
3d_n160_k8_K8_t1_R1_3d_n160_k8_g1	reference	F4+F5	cavity3d_n160_k8	1	1	same	cavity3d_n160_k8	3d_n160_k8_K8	B	wqd10nbj02g1
3d_n160_k8_K8_t1_R1_3d_n160_k8_g2	reference	F4+F5	cavity3d_n160_k8	1	1	same	cavity3d_n160_k8	3d_n160_k8_K8	B	wqd10nbj02g1
3d_n160_k8_K8_t1_R1_3d_n160_k8_g3	reference	F4+F5	cavity3d_n160_k8	1	1	same	cavity3d_n160_k8	3d_n160_k8_K8	B	wqd10nbj02g1
3d_n160_k8_K8_t1_R1_3d_n160_k8_g4	reference	F4+F5	cavity3d_n160_k8	1	1	same	cavity3d_n160_k8	3d_n160_k8_K8	B	wqd10nbj02g1
3d_n160_k8_K8_t1_R1_3d_n160_k8_g5	reference	F4+F5	cavity3d_n160_k8	1	1	same	cavity3d_n160_k8	3d_n160_k8_K8	B	wqd10nbj02g1
3d_n160_k8_K8_t1_R1_3d_n160_k8_g6	reference	F4+F5	cavity3d_n160_k8	1	1	same	cavity3d_n160_k8	3d_n160_k8_K8	B	wqd10nbj02g1
3d_n160_k8_K8_t1_R1_3d_n160_k8_g7	reference	F4+F5	cavity3d_n160_k8	1	1	same	cavity3d_n160_k8	3d_n160_k8_K8	B	wqd10nbj02g1
3d_n160_k8_K8_t1_E	equal	F4+F5	cavity3d_n160_k8	8	1	-	-	3d_n160_k8_K8	B	wqd10nbj02g1
3d_n160_k8_K8_t1_C	calibrated	F4+F5	cavity3d_n160_k8	8	1	-	-	3d_n160_k8_K8	B	wqd10nbj02g1
3d_n160_k8_K8_t2_E	equal	F4+F5	cavity3d_n160_k8	8	2	-	-	3d_n160_k8_K8	B	wqd10nbj02g1
3d_n160_k8_K8_t2_C	calibrated	F4+F5	cavity3d_n160_k8	8	2	-	-	3d_n160_k8_K8	B	wqd10nbj02g1
3d_n160_k8_K8_t2_R1_3d_n160_g0	reference	F4+F5	cavity3d_n160	1	2	cavity3d_n160	cavity3d_n160	3d_n160_k8_K8	B	wqd10nbj02g1
3d_n160_k8_K8_t2_R1_3d_n160_g1	reference	F4+F5	cavity3d_n160	1	2	cavity3d_n160	cavity3d_n160	3d_n160_k8_K8	B	wqd10nbj02g1
3d_n160_k8_K8_t2_R1_3d_n160_g2	reference	F4+F5	cavity3d_n160	1	2	cavity3d_n160	cavity3d_n160	3d_n160_k8_K8	B	wqd10nbj02g1
3d_n160_k8_K8_t2_R1_3d_n160_g3	reference	F4+F5	cavity3d_n160	1	2	cavity3d_n160	cavity3d_n160	3d_n160_k8_K8	B	wqd10nbj02g1
3d_n160_k8_K8_t2_R1_3d_n160_g4	reference	F4+F5	cavity3d_n160	1	2	cavity3d_n160	cavity3d_n160	3d_n160_k8_K8	B	wqd10nbj02g1
3d_n160_k8_K8_t2_R1_3d_n160_g5	reference	F4+F5	cavity3d_n160	1	2	cavity3d_n160	cavity3d_n160	3d_n160_k8_K8	B	wqd10nbj02g1
3d_n160_k8_K8_t2_R1_3d_n160_g6	reference	F4+F5	cavity3d_n160	1	2	cavity3d_n160	cavity3d_n160	3d_n160_k8_K8	B	wqd10nbj02g1
3d_n160_k8_K8_t2_R1_3d_n160_g7	reference	F4+F5	cavity3d_n160	1	2	cavity3d_n160	cavity3d_n160	3d_n160_k8_K8	B	wqd10nbj02g1
3d_n160_k8_K8_t2_R1_3d_n160_k8_g0	reference	F4+F5	cavity3d_n160_k8	1	2	same	cavity3d_n160_k8	3d_n160_k8_K8	B	wqd10nbj02g1
3d_n160_k8_K8_t2_R1_3d_n160_k8_g1	reference	F4+F5	cavity3d_n160_k8	1	2	same	cavity3d_n160_k8	3d_n160_k8_K8	B	wqd10nbj02g1
3d_n160_k8_K8_t2_R1_3d_n160_k8_g2	reference	F4+F5	cavity3d_n160_k8	1	2	same	cavity3d_n160_k8	3d_n160_k8_K8	B	wqd10nbj02g1
3d_n160_k8_K8_t2_R1_3d_n160_k8_g3	reference	F4+F5	cavity3d_n160_k8	1	2	same	cavity3d_n160_k8	3d_n160_k8_K8	B	wqd10nbj02g1
3d_n160_k8_K8_t2_R1_3d_n160_k8_g4	reference	F4+F5	cavity3d_n160_k8	1	2	same	cavity3d_n160_k8	3d_n160_k8_K8	B	wqd10nbj02g1
3d_n160_k8_K8_t2_R1_3d_n160_k8_g5	reference	F4+F5	cavity3d_n160_k8	1	2	same	cavity3d_n160_k8	3d_n160_k8_K8	B	wqd10nbj02g1
3d_n160_k8_K8_t2_R1_3d_n160_k8_g6	reference	F4+F5	cavity3d_n160_k8	1	2	same	cavity3d_n160_k8	3d_n160_k8_K8	B	wqd10nbj02g1
3d_n160_k8_K8_t2_R1_3d_n160_k8_g7	reference	F4+F5	cavity3d_n160_k8	1	2	same	cavity3d_n160_k8	3d_n160_k8_K8	B	wqd10nbj02g1
3d_n160_k8_K8_t3_C	calibrated	F4+F5	cavity3d_n160_k8	8	3	-	-	3d_n160_k8_K8	B	wqd10nbj02g1
3d_n160_k8_K8_t3_R1_3d_n160_g0	reference	F4+F5	cavity3d_n160	1	3	cavity3d_n160	cavity3d_n160	3d_n160_k8_K8	B	wqd10nbj02g1
3d_n160_k8_K8_t3_R1_3d_n160_g1	reference	F4+F5	cavity3d_n160	1	3	cavity3d_n160	cavity3d_n160	3d_n160_k8_K8	B	wqd10nbj02g1
3d_n160_k8_K8_t3_R1_3d_n160_g2	reference	F4+F5	cavity3d_n160	1	3	cavity3d_n160	cavity3d_n160	3d_n160_k8_K8	B	wqd10nbj02g1
3d_n160_k8_K8_t3_R1_3d_n160_g3	reference	F4+F5	cavity3d_n160	1	3	cavity3d_n160	cavity3d_n160	3d_n160_k8_K8	B	wqd10nbj02g1
3d_n160_k8_K8_t3_R1_3d_n160_g4	reference	F4+F5	cavity3d_n160	1	3	cavity3d_n160	cavity3d_n160	3d_n160_k8_K8	B	wqd10nbj02g1
3d_n160_k8_K8_t3_R1_3d_n160_g5	reference	F4+F5	cavity3d_n160	1	3	cavity3d_n160	cavity3d_n160	3d_n160_k8_K8	B	wqd10nbj02g1
3d_n160_k8_K8_t3_R1_3d_n160_g6	reference	F4+F5	cavity3d_n160	1	3	cavity3d_n160	cavity3d_n160	3d_n160_k8_K8	B	wqd10nbj02g1
3d_n160_k8_K8_t3_R1_3d_n160_g7	reference	F4+F5	cavity3d_n160	1	3	cavity3d_n160	cavity3d_n160	3d_n160_k8_K8	B	wqd10nbj02g1
3d_n160_k8_K8_t3_R1_3d_n160_k8_g0	reference	F4+F5	cavity3d_n160_k8	1	3	same	cavity3d_n160_k8	3d_n160_k8_K8	B	wqd10nbj02g1
3d_n160_k8_K8_t3_R1_3d_n160_k8_g1	reference	F4+F5	cavity3d_n160_k8	1	3	same	cavity3d_n160_k8	3d_n160_k8_K8	B	wqd10nbj02g1
3d_n160_k8_K8_t3_R1_3d_n160_k8_g2	reference	F4+F5	cavity3d_n160_k8	1	3	same	cavity3d_n160_k8	3d_n160_k8_K8	B	wqd10nbj02g1
3d_n160_k8_K8_t3_R1_3d_n160_k8_g3	reference	F4+F5	cavity3d_n160_k8	1	3	same	cavity3d_n160_k8	3d_n160_k8_K8	B	wqd10nbj02g1
3d_n160_k8_K8_t3_R1_3d_n160_k8_g4	reference	F4+F5	cavity3d_n160_k8	1	3	same	cavity3d_n160_k8	3d_n160_k8_K8	B	wqd10nbj02g1
3d_n160_k8_K8_t3_R1_3d_n160_k8_g5	reference	F4+F5	cavity3d_n160_k8	1	3	same	cavity3d_n160_k8	3d_n160_k8_K8	B	wqd10nbj02g1
3d_n160_k8_K8_t3_R1_3d_n160_k8_g6	reference	F4+F5	cavity3d_n160_k8	1	3	same	cavity3d_n160_k8	3d_n160_k8_K8	B	wqd10nbj02g1
3d_n160_k8_K8_t3_R1_3d_n160_k8_g7	reference	F4+F5	cavity3d_n160_k8	1	3	same	cavity3d_n160_k8	3d_n160_k8_K8	B	wqd10nbj02g1
3d_n160_k8_K8_t3_E	equal	F4+F5	cavity3d_n160_k8	8	3	-	-	3d_n160_k8_K8	B	wqd10nbj02g1
3d_n160_k8_K8_trace_E	trace_equal	F4+F5	cavity3d_n160_k8	8	0	-	-	3d_n160_k8_K8	B	wqd10nbj02g1
3d_n160_k8_K8_trace_C	trace_calibrated	F4+F5	cavity3d_n160_k8	8	0	-	-	3d_n160_k8_K8	B	wqd10nbj02g1
soak_2d_n8000_K8	soak	extra	cavity2d_n8000	8	0	-	-	soak_2d_n8000_K8	B	wqd10nbj02g1
