timestamp, index, clocks.current.sm [MHz], clocks.current.memory [MHz], power.draw [W], temperature.gpu, utilization.gpu [%], memory.used [MiB]
2026/09/24 16:05:21.948, 0, 382 MHz, 405 MHz, 34.34 W, 51, 1 %, 3235 MiB
2026/09/24 16:05:21.950, 1, 28 MHz, 405 MHz, 9.41 W, 46, 0 %, 18 MiB
2026/09/24 16:05:22.967, 0, 63 MHz, 405 MHz, 32.42 W, 51, 3 %, 3235 MiB
2026/09/24 16:05:22.967, 1, 28 MHz, 405 MHz, 9.58 W, 46, 0 %, 18 MiB
2026/09/24 16:05:23.970, 0, 53 MHz, 405 MHz, 28.75 W, 51, 1 %, 3235 MiB
2026/09/24 16:05:23.970, 1, 2572 MHz, 14001 MHz, 27.03 W, 47, 0 %, 2757 MiB
2026/09/24 16:05:24.977, 0, 547 MHz, 405 MHz, 35.27 W, 51, 3 %, 3235 MiB
2026/09/24 16:05:24.977, 1, 2572 MHz, 14001 MHz, 64.22 W, 47, 0 %, 2757 MiB
2026/09/24 16:05:25.984, 0, 49 MHz, 405 MHz, 35.24 W, 51, 1 %, 3223 MiB
2026/09/24 16:05:25.984, 1, 2842 MHz, 14001 MHz, 245.45 W, 62, 100 %, 2757 MiB
2026/09/24 16:05:26.986, 0, 480 MHz, 405 MHz, 34.32 W, 51, 2 %, 3223 MiB
2026/09/24 16:05:26.986, 1, 2835 MHz, 14001 MHz, 600.19 W, 63, 100 %, 2757 MiB
2026/09/24 16:05:27.991, 0, 47 MHz, 405 MHz, 29.02 W, 51, 2 %, 3223 MiB
2026/09/24 16:05:27.991, 1, 2835 MHz, 14001 MHz, 600.00 W, 64, 100 %, 2757 MiB
2026/09/24 16:05:28.997, 0, 442 MHz, 405 MHz, 30.30 W, 51, 1 %, 3226 MiB
2026/09/24 16:05:28.997, 1, 2835 MHz, 14001 MHz, 599.99 W, 65, 100 %, 2757 MiB
2026/09/24 16:05:30.003, 0, 367 MHz, 405 MHz, 35.04 W, 51, 1 %, 3226 MiB
2026/09/24 16:05:30.003, 1, 2835 MHz, 14001 MHz, 600.04 W, 66, 100 %, 2757 MiB
2026/09/24 16:05:31.008, 0, 59 MHz, 405 MHz, 34.25 W, 51, 2 %, 3226 MiB
2026/09/24 16:05:31.008, 1, 2835 MHz, 14001 MHz, 600.00 W, 65, 100 %, 2757 MiB
2026/09/24 16:05:32.023, 0, 46 MHz, 405 MHz, 25.93 W, 51, 1 %, 3226 MiB
2026/09/24 16:05:32.023, 1, 2827 MHz, 14001 MHz, 600.03 W, 66, 100 %, 2757 MiB
2026/09/24 16:05:33.025, 0, 54 MHz, 405 MHz, 29.66 W, 51, 2 %, 3225 MiB
2026/09/24 16:05:33.025, 1, 2827 MHz, 14001 MHz, 599.94 W, 67, 100 %, 2757 MiB
2026/09/24 16:05:34.038, 0, 465 MHz, 405 MHz, 31.33 W, 51, 2 %, 3225 MiB
2026/09/24 16:05:34.038, 1, 2827 MHz, 14001 MHz, 599.97 W, 67, 100 %, 2757 MiB
2026/09/24 16:05:35.038, 0, 360 MHz, 405 MHz, 33.92 W, 51, 1 %, 3226 MiB
2026/09/24 16:05:35.038, 1, 2827 MHz, 14001 MHz, 600.01 W, 67, 100 %, 2757 MiB
2026/09/24 16:05:36.053, 0, 367 MHz, 405 MHz, 29.86 W, 51, 1 %, 3226 MiB
2026/09/24 16:05:36.053, 1, 2827 MHz, 14001 MHz, 600.02 W, 67, 100 %, 2757 MiB
2026/09/24 16:05:37.055, 0, 352 MHz, 405 MHz, 35.64 W, 51, 1 %, 3231 MiB
2026/09/24 16:05:37.055, 1, 2827 MHz, 14001 MHz, 600.02 W, 67, 100 %, 2757 MiB
2026/09/24 16:05:38.070, 0, 322 MHz, 405 MHz, 33.84 W, 51, 1 %, 3231 MiB
2026/09/24 16:05:38.070, 1, 2820 MHz, 14001 MHz, 600.00 W, 67, 100 %, 2757 MiB
2026/09/24 16:05:39.085, 0, 79 MHz, 405 MHz, 38.43 W, 51, 4 %, 3257 MiB
2026/09/24 16:05:39.085, 1, 2827 MHz, 14001 MHz, 600.01 W, 67, 100 %, 2757 MiB
2026/09/24 16:05:40.099, 0, 757 MHz, 405 MHz, 36.06 W, 51, 5 %, 3257 MiB
2026/09/24 16:05:40.099, 1, 2820 MHz, 14001 MHz, 599.97 W, 67, 100 %, 2757 MiB
2026/09/24 16:05:41.100, 0, 862 MHz, 405 MHz, 40.39 W, 51, 10 %, 3260 MiB
2026/09/24 16:05:41.100, 1, 2820 MHz, 14001 MHz, 599.99 W, 68, 100 %, 2757 MiB
2026/09/24 16:05:42.115, 0, 53 MHz, 405 MHz, 35.67 W, 51, 2 %, 3260 MiB
2026/09/24 16:05:42.115, 1, 2820 MHz, 14001 MHz, 600.07 W, 68, 100 %, 2757 MiB
2026/09/24 16:05:43.117, 0, 52 MHz, 405 MHz, 27.78 W, 51, 2 %, 3259 MiB
2026/09/24 16:05:43.117, 1, 2820 MHz, 14001 MHz, 600.02 W, 68, 100 %, 2757 MiB
2026/09/24 16:05:44.124, 0, 49 MHz, 405 MHz, 28.11 W, 51, 1 %, 3259 MiB
2026/09/24 16:05:44.124, 1, 2820 MHz, 14001 MHz, 599.96 W, 68, 100 %, 2757 MiB
2026/09/24 16:05:45.139, 0, 54 MHz, 405 MHz, 28.26 W, 51, 2 %, 3255 MiB
2026/09/24 16:05:45.139, 1, 2820 MHz, 14001 MHz, 599.98 W, 68, 100 %, 2757 MiB
2026/09/24 16:05:46.152, 0, 54 MHz, 405 MHz, 30.34 W, 51, 2 %, 3250 MiB
2026/09/24 16:05:46.152, 1, 2715 MHz, 14001 MHz, 599.50 W, 68, 100 %, 2757 MiB
2026/09/24 16:05:47.159, 0, 50 MHz, 405 MHz, 30.46 W, 51, 2 %, 3228 MiB
2026/09/24 16:05:47.159, 1, 2715 MHz, 14001 MHz, 600.02 W, 68, 100 %, 2757 MiB
2026/09/24 16:05:48.163, 0, 51 MHz, 405 MHz, 30.12 W, 51, 1 %, 3224 MiB
2026/09/24 16:05:48.163, 1, 2715 MHz, 14001 MHz, 599.95 W, 68, 100 %, 2757 MiB
2026/09/24 16:05:49.165, 0, 457 MHz, 405 MHz, 30.58 W, 51, 1 %, 3224 MiB
2026/09/24 16:05:49.165, 1, 2715 MHz, 14001 MHz, 599.91 W, 68, 100 %, 2757 MiB
2026/09/24 16:05:50.168, 0, 360 MHz, 405 MHz, 30.18 W, 51, 1 %, 3224 MiB
2026/09/24 16:05:50.168, 1, 2715 MHz, 14001 MHz, 599.98 W, 68, 100 %, 2757 MiB
2026/09/24 16:05:51.172, 0, 65 MHz, 405 MHz, 28.55 W, 51, 3 %, 3224 MiB
2026/09/24 16:05:51.172, 1, 2715 MHz, 14001 MHz, 600.04 W, 68, 100 %, 2757 MiB
2026/09/24 16:05:52.186, 0, 427 MHz, 405 MHz, 37.16 W, 51, 1 %, 3224 MiB
2026/09/24 16:05:52.186, 1, 2715 MHz, 14001 MHz, 600.12 W, 68, 100 %, 2757 MiB
2026/09/24 16:05:53.189, 0, 50 MHz, 405 MHz, 35.99 W, 51, 2 %, 3224 MiB
2026/09/24 16:05:53.189, 1, 2715 MHz, 14001 MHz, 599.81 W, 68, 100 %, 2757 MiB
2026/09/24 16:05:54.195, 0, 66 MHz, 405 MHz, 30.61 W, 51, 3 %, 3224 MiB
2026/09/24 16:05:54.195, 1, 2715 MHz, 14001 MHz, 599.94 W, 68, 100 %, 2757 MiB
2026/09/24 16:05:55.195, 0, 49 MHz, 405 MHz, 28.83 W, 51, 1 %, 3224 MiB
2026/09/24 16:05:55.195, 1, 2707 MHz, 14001 MHz, 600.05 W, 68, 100 %, 2757 MiB
2026/09/24 16:05:56.208, 0, 397 MHz, 405 MHz, 27.74 W, 51, 1 %, 3200 MiB
2026/09/24 16:05:56.208, 1, 2707 MHz, 14001 MHz, 599.96 W, 68, 100 %, 2757 MiB
2026/09/24 16:05:57.215, 0, 47 MHz, 405 MHz, 30.29 W, 51, 1 %, 3200 MiB
2026/09/24 16:05:57.215, 1, 2707 MHz, 14001 MHz, 600.10 W, 68, 100 %, 2757 MiB
2026/09/24 16:05:58.215, 0, 53 MHz, 405 MHz, 27.57 W, 51, 2 %, 3200 MiB
2026/09/24 16:05:58.215, 1, 2707 MHz, 14001 MHz, 600.08 W, 68, 100 %, 2757 MiB
2026/09/24 16:05:59.218, 0, 52 MHz, 405 MHz, 27.04 W, 51, 1 %, 3200 MiB
2026/09/24 16:05:59.218, 1, 2745 MHz, 14001 MHz, 595.40 W, 67, 100 %, 2757 MiB
2026/09/24 16:06:00.224, 0, 54 MHz, 405 MHz, 28.01 W, 51, 2 %, 3200 MiB
2026/09/24 16:06:00.224, 1, 2707 MHz, 14001 MHz, 599.88 W, 68, 100 %, 2757 MiB
2026/09/24 16:06:01.226, 0, 70 MHz, 405 MHz, 30.67 W, 51, 3 %, 3200 MiB
2026/09/24 16:06:01.226, 1, 2707 MHz, 14001 MHz, 600.15 W, 68, 100 %, 2757 MiB
2026/09/24 16:06:02.231, 0, 727 MHz, 405 MHz, 33.15 W, 51, 8 %, 3227 MiB
2026/09/24 16:06:02.231, 1, 2707 MHz, 14001 MHz, 599.85 W, 68, 100 %, 2757 MiB
2026/09/24 16:06:03.234, 0, 450 MHz, 405 MHz, 38.73 W, 51, 1 %, 3225 MiB
2026/09/24 16:06:03.234, 1, 2707 MHz, 14001 MHz, 600.15 W, 68, 100 %, 2757 MiB
2026/09/24 16:06:04.235, 0, 435 MHz, 405 MHz, 38.38 W, 51, 1 %, 3226 MiB
2026/09/24 16:06:04.235, 1, 2707 MHz, 14001 MHz, 599.99 W, 68, 100 %, 2757 MiB
2026/09/24 16:06:05.238, 0, 532 MHz, 405 MHz, 39.15 W, 51, 2 %, 3226 MiB
2026/09/24 16:06:05.238, 1, 2707 MHz, 14001 MHz, 599.96 W, 68, 100 %, 2757 MiB
2026/09/24 16:06:06.244, 0, 465 MHz, 405 MHz, 39.51 W, 51, 1 %, 3213 MiB
2026/09/24 16:06:06.244, 1, 2707 MHz, 14001 MHz, 599.99 W, 68, 100 %, 2757 MiB
2026/09/24 16:06:07.248, 0, 457 MHz, 405 MHz, 39.80 W, 51, 1 %, 3208 MiB
2026/09/24 16:06:07.248, 1, 2707 MHz, 14001 MHz, 599.89 W, 68, 100 %, 2757 MiB
2026/09/24 16:06:08.250, 0, 547 MHz, 405 MHz, 40.44 W, 51, 2 %, 3212 MiB
2026/09/24 16:06:08.250, 1, 2700 MHz, 14001 MHz, 599.95 W, 69, 100 %, 2757 MiB
2026/09/24 16:06:09.256, 0, 442 MHz, 405 MHz, 38.66 W, 51, 2 %, 3215 MiB
2026/09/24 16:06:09.256, 1, 2707 MHz, 14001 MHz, 600.01 W, 68, 100 %, 2757 MiB
2026/09/24 16:06:10.271, 0, 382 MHz, 405 MHz, 37.18 W, 51, 1 %, 3218 MiB
2026/09/24 16:06:10.271, 1, 2700 MHz, 14001 MHz, 599.93 W, 69, 100 %, 2757 MiB
2026/09/24 16:06:11.272, 0, 405 MHz, 405 MHz, 36.05 W, 51, 1 %, 3217 MiB
2026/09/24 16:06:11.272, 1, 2700 MHz, 14001 MHz, 599.97 W, 68, 100 %, 2757 MiB
2026/09/24 16:06:12.274, 0, 397 MHz, 405 MHz, 36.27 W, 51, 1 %, 3218 MiB
2026/09/24 16:06:12.274, 1, 2700 MHz, 14001 MHz, 599.91 W, 69, 100 %, 2757 MiB
2026/09/24 16:06:13.277, 0, 562 MHz, 405 MHz, 40.31 W, 51, 2 %, 3213 MiB
2026/09/24 16:06:13.277, 1, 2737 MHz, 14001 MHz, 584.71 W, 63, 79 %, 18 MiB
2026/09/24 16:06:14.279, 0, 517 MHz, 405 MHz, 37.97 W, 51, 1 %, 3213 MiB
2026/09/24 16:06:14.279, 1, 2955 MHz, 14001 MHz, 129.95 W, 55, 0 %, 18 MiB
2026/09/24 16:06:15.294, 0, 71 MHz, 405 MHz, 33.24 W, 51, 3 %, 3216 MiB
2026/09/24 16:06:15.294, 1, 1065 MHz, 7001 MHz, 85.34 W, 52, 0 %, 18 MiB
2026/09/24 16:06:16.301, 0, 50 MHz, 405 MHz, 31.31 W, 51, 1 %, 3216 MiB
2026/09/24 16:06:16.301, 1, 375 MHz, 7001 MHz, 61.15 W, 51, 0 %, 18 MiB
2026/09/24 16:06:17.309, 0, 45 MHz, 405 MHz, 27.04 W, 51, 1 %, 3214 MiB
2026/09/24 16:06:17.309, 1, 240 MHz, 7001 MHz, 37.48 W, 51, 0 %, 18 MiB
2026/09/24 16:06:18.315, 0, 390 MHz, 405 MHz, 26.54 W, 51, 1 %, 3213 MiB
2026/09/24 16:06:18.315, 1, 225 MHz, 7001 MHz, 37.26 W, 50, 0 %, 18 MiB
2026/09/24 16:06:19.318, 0, 360 MHz, 405 MHz, 26.77 W, 51, 1 %, 3213 MiB
2026/09/24 16:06:19.318, 1, 225 MHz, 7001 MHz, 36.88 W, 50, 0 %, 18 MiB
2026/09/24 16:06:20.322, 0, 375 MHz, 405 MHz, 29.09 W, 51, 1 %, 3213 MiB
2026/09/24 16:06:20.322, 1, 225 MHz, 810 MHz, 35.32 W, 49, 0 %, 18 MiB
2026/09/24 16:06:21.328, 0, 45 MHz, 405 MHz, 28.60 W, 51, 1 %, 3213 MiB
2026/09/24 16:06:21.328, 1, 2257 MHz, 14001 MHz, 28.71 W, 49, 0 %, 2757 MiB
2026/09/24 16:06:22.336, 0, 43 MHz, 405 MHz, 25.64 W, 51, 1 %, 3213 MiB
2026/09/24 16:06:22.336, 1, 2572 MHz, 14001 MHz, 67.90 W, 49, 0 %, 2757 MiB
2026/09/24 16:06:23.340, 0, 45 MHz, 405 MHz, 24.62 W, 51, 1 %, 3213 MiB
2026/09/24 16:06:23.340, 1, 2632 MHz, 14001 MHz, 70.51 W, 50, 30 %, 2757 MiB
2026/09/24 16:06:24.343, 0, 450 MHz, 405 MHz, 24.91 W, 51, 2 %, 3213 MiB
2026/09/24 16:06:24.343, 1, 2730 MHz, 14001 MHz, 604.27 W, 65, 100 %, 2757 MiB
2026/09/24 16:06:25.347, 0, 360 MHz, 405 MHz, 28.46 W, 51, 1 %, 3212 MiB
2026/09/24 16:06:25.347, 1, 2730 MHz, 14001 MHz, 600.10 W, 66, 100 %, 2757 MiB
2026/09/24 16:06:26.351, 0, 39 MHz, 405 MHz, 29.92 W, 51, 1 %, 3212 MiB
2026/09/24 16:06:26.351, 1, 2722 MHz, 14001 MHz, 600.02 W, 66, 100 %, 2757 MiB
2026/09/24 16:06:27.355, 0, 345 MHz, 405 MHz, 24.91 W, 51, 1 %, 3212 MiB
2026/09/24 16:06:27.355, 1, 2722 MHz, 14001 MHz, 599.97 W, 66, 100 %, 2757 MiB
2026/09/24 16:06:28.356, 0, 435 MHz, 405 MHz, 26.09 W, 51, 1 %, 3198 MiB
2026/09/24 16:06:28.356, 1, 2722 MHz, 14001 MHz, 600.00 W, 67, 100 %, 2757 MiB
2026/09/24 16:06:29.362, 0, 480 MHz, 405 MHz, 33.05 W, 51, 1 %, 3196 MiB
2026/09/24 16:06:29.362, 1, 2722 MHz, 14001 MHz, 599.96 W, 67, 100 %, 2757 MiB
2026/09/24 16:06:30.363, 0, 50 MHz, 405 MHz, 38.19 W, 51, 1 %, 3196 MiB
2026/09/24 16:06:30.363, 1, 2722 MHz, 14001 MHz, 600.00 W, 67, 100 %, 2757 MiB
2026/09/24 16:06:31.369, 0, 42 MHz, 405 MHz, 31.12 W, 51, 1 %, 3197 MiB
2026/09/24 16:06:31.369, 1, 2722 MHz, 14001 MHz, 599.93 W, 67, 100 %, 2757 MiB
2026/09/24 16:06:32.371, 0, 50 MHz, 405 MHz, 24.07 W, 51, 2 %, 3236 MiB
2026/09/24 16:06:32.371, 1, 2722 MHz, 14001 MHz, 600.09 W, 67, 100 %, 2757 MiB
2026/09/24 16:06:33.373, 0, 54 MHz, 405 MHz, 31.69 W, 51, 2 %, 3236 MiB
2026/09/24 16:06:33.373, 1, 2722 MHz, 14001 MHz, 599.97 W, 66, 100 %, 2757 MiB
2026/09/24 16:06:34.376, 0, 49 MHz, 405 MHz, 27.10 W, 51, 1 %, 3236 MiB
2026/09/24 16:06:34.376, 1, 2722 MHz, 14001 MHz, 599.97 W, 67, 100 %, 2757 MiB
2026/09/24 16:06:35.378, 0, 49 MHz, 405 MHz, 25.04 W, 51, 2 %, 3234 MiB
2026/09/24 16:06:35.378, 1, 2722 MHz, 14001 MHz, 599.96 W, 67, 100 %, 2757 MiB
2026/09/24 16:06:36.385, 0, 577 MHz, 405 MHz, 27.66 W, 51, 2 %, 3234 MiB
2026/09/24 16:06:36.385, 1, 2722 MHz, 14001 MHz, 600.13 W, 67, 100 %, 2757 MiB
2026/09/24 16:06:37.388, 0, 45 MHz, 405 MHz, 24.30 W, 51, 1 %, 3224 MiB
2026/09/24 16:06:37.388, 1, 2752 MHz, 14001 MHz, 594.02 W, 64, 99 %, 2757 MiB
2026/09/24 16:06:38.397, 0, 44 MHz, 405 MHz, 23.80 W, 51, 1 %, 3217 MiB
2026/09/24 16:06:38.397, 1, 2715 MHz, 14001 MHz, 606.42 W, 68, 100 %, 2757 MiB
2026/09/24 16:06:39.410, 0, 36 MHz, 405 MHz, 26.31 W, 51, 1 %, 3217 MiB
2026/09/24 16:06:39.410, 1, 2715 MHz, 14001 MHz, 600.07 W, 68, 100 %, 2757 MiB
2026/09/24 16:06:40.412, 0, 307 MHz, 405 MHz, 22.24 W, 51, 1 %, 3208 MiB
2026/09/24 16:06:40.412, 1, 2715 MHz, 14001 MHz, 600.08 W, 68, 100 %, 2757 MiB
2026/09/24 16:06:41.420, 0, 39 MHz, 405 MHz, 24.10 W, 51, 1 %, 3214 MiB
2026/09/24 16:06:41.420, 1, 2715 MHz, 14001 MHz, 600.00 W, 68, 100 %, 2757 MiB
2026/09/24 16:06:42.425, 0, 65 MHz, 405 MHz, 23.44 W, 51, 2 %, 3215 MiB
2026/09/24 16:06:42.425, 1, 2715 MHz, 14001 MHz, 599.96 W, 68, 100 %, 2757 MiB
2026/09/24 16:06:43.433, 0, 330 MHz, 405 MHz, 24.84 W, 51, 1 %, 3218 MiB
2026/09/24 16:06:43.433, 1, 2707 MHz, 14001 MHz, 599.90 W, 68, 100 %, 2757 MiB
2026/09/24 16:06:44.447, 0, 45 MHz, 405 MHz, 22.59 W, 51, 1 %, 3209 MiB
2026/09/24 16:06:44.447, 1, 2715 MHz, 14001 MHz, 599.94 W, 68, 100 %, 2757 MiB
2026/09/24 16:06:45.450, 0, 42 MHz, 405 MHz, 23.73 W, 51, 1 %, 3209 MiB
2026/09/24 16:06:45.450, 1, 2715 MHz, 14001 MHz, 600.07 W, 68, 100 %, 2757 MiB
2026/09/24 16:06:46.451, 0, 47 MHz, 405 MHz, 23.10 W, 51, 1 %, 3208 MiB
2026/09/24 16:06:46.451, 1, 2715 MHz, 14001 MHz, 599.95 W, 68, 100 %, 2757 MiB
2026/09/24 16:06:47.452, 0, 39 MHz, 405 MHz, 22.70 W, 51, 1 %, 3208 MiB
2026/09/24 16:06:47.452, 1, 2707 MHz, 14001 MHz, 599.95 W, 69, 100 %, 2757 MiB
2026/09/24 16:06:48.456, 0, 42 MHz, 405 MHz, 24.60 W, 51, 1 %, 3204 MiB
2026/09/24 16:06:48.456, 1, 2707 MHz, 14001 MHz, 599.99 W, 68, 100 %, 2757 MiB
2026/09/24 16:06:49.460, 0, 28 MHz, 405 MHz, 23.71 W, 51, 1 %, 3204 MiB
2026/09/24 16:06:49.460, 1, 2707 MHz, 14001 MHz, 599.96 W, 68, 100 %, 2757 MiB
2026/09/24 16:06:50.465, 0, 35 MHz, 405 MHz, 24.04 W, 51, 1 %, 3204 MiB
2026/09/24 16:06:50.465, 1, 2707 MHz, 14001 MHz, 600.25 W, 68, 100 %, 2757 MiB
2026/09/24 16:06:51.467, 0, 32 MHz, 405 MHz, 23.68 W, 51, 1 %, 3204 MiB
2026/09/24 16:06:51.467, 1, 2707 MHz, 14001 MHz, 599.99 W, 68, 100 %, 2757 MiB
2026/09/24 16:06:52.480, 0, 33 MHz, 405 MHz, 22.09 W, 51, 1 %, 3199 MiB
2026/09/24 16:06:52.480, 1, 2707 MHz, 14001 MHz, 599.98 W, 69, 100 %, 2757 MiB
2026/09/24 16:06:53.482, 0, 77 MHz, 405 MHz, 27.41 W, 51, 1 %, 3203 MiB
2026/09/24 16:06:53.482, 1, 2707 MHz, 14001 MHz, 600.09 W, 68, 100 %, 2757 MiB
2026/09/24 16:06:54.497, 0, 39 MHz, 405 MHz, 28.80 W, 51, 1 %, 3208 MiB
2026/09/24 16:06:54.497, 1, 2707 MHz, 14001 MHz, 599.86 W, 69, 100 %, 2757 MiB
2026/09/24 16:06:55.503, 0, 225 MHz, 405 MHz, 23.48 W, 51, 1 %, 3206 MiB
2026/09/24 16:06:55.503, 1, 2707 MHz, 14001 MHz, 600.09 W, 69, 100 %, 2757 MiB
2026/09/24 16:06:56.507, 0, 30 MHz, 405 MHz, 23.11 W, 51, 1 %, 3209 MiB
2026/09/24 16:06:56.507, 1, 2707 MHz, 14001 MHz, 599.90 W, 68, 100 %, 2757 MiB
2026/09/24 16:06:57.510, 0, 37 MHz, 405 MHz, 21.53 W, 51, 1 %, 3209 MiB
2026/09/24 16:06:57.510, 1, 2707 MHz, 14001 MHz, 600.06 W, 69, 100 %, 2757 MiB
2026/09/24 16:06:58.525, 0, 32 MHz, 405 MHz, 23.38 W, 51, 1 %, 3208 MiB
2026/09/24 16:06:58.525, 1, 2707 MHz, 14001 MHz, 600.07 W, 68, 100 %, 2757 MiB
2026/09/24 16:06:59.540, 0, 31 MHz, 405 MHz, 24.13 W, 51, 1 %, 3208 MiB
2026/09/24 16:06:59.540, 1, 2707 MHz, 14001 MHz, 599.83 W, 69, 100 %, 2757 MiB
2026/09/24 16:07:00.556, 0, 32 MHz, 405 MHz, 24.24 W, 51, 1 %, 3208 MiB
2026/09/24 16:07:00.556, 1, 2700 MHz, 14001 MHz, 600.11 W, 69, 100 %, 2757 MiB
2026/09/24 16:07:01.556, 0, 31 MHz, 405 MHz, 23.53 W, 51, 1 %, 3207 MiB
2026/09/24 16:07:01.556, 1, 2700 MHz, 14001 MHz, 600.03 W, 69, 100 %, 2757 MiB
2026/09/24 16:07:02.560, 0, 28 MHz, 405 MHz, 22.42 W, 51, 1 %, 3196 MiB
2026/09/24 16:07:02.560, 1, 2700 MHz, 14001 MHz, 600.06 W, 68, 100 %, 2757 MiB
2026/09/24 16:07:03.563, 0, 33 MHz, 405 MHz, 23.79 W, 51, 1 %, 3191 MiB
2026/09/24 16:07:03.563, 1, 2700 MHz, 14001 MHz, 599.82 W, 69, 100 %, 2757 MiB
2026/09/24 16:07:04.570, 0, 35 MHz, 405 MHz, 21.71 W, 51, 1 %, 3203 MiB
2026/09/24 16:07:04.570, 1, 2700 MHz, 14001 MHz, 600.09 W, 69, 100 %, 2757 MiB
2026/09/24 16:07:05.575, 0, 28 MHz, 405 MHz, 21.26 W, 51, 1 %, 3203 MiB
2026/09/24 16:07:05.575, 1, 2955 MHz, 14001 MHz, 344.18 W, 56, 60 %, 2757 MiB
2026/09/24 16:07:06.578, 0, 31 MHz, 405 MHz, 22.39 W, 51, 1 %, 3203 MiB
2026/09/24 16:07:06.578, 1, 2955 MHz, 14001 MHz, 98.35 W, 55, 0 %, 2757 MiB
2026/09/24 16:07:07.585, 0, 32 MHz, 405 MHz, 23.11 W, 51, 1 %, 3203 MiB
2026/09/24 16:07:07.585, 1, 510 MHz, 7001 MHz, 67.46 W, 52, 1 %, 18 MiB
2026/09/24 16:07:08.595, 0, 41 MHz, 405 MHz, 23.17 W, 51, 1 %, 3203 MiB
2026/09/24 16:07:08.595, 1, 405 MHz, 7001 MHz, 38.30 W, 51, 0 %, 18 MiB
2026/09/24 16:07:09.604, 0, 39 MHz, 405 MHz, 26.16 W, 51, 1 %, 3203 MiB
2026/09/24 16:07:09.604, 1, 255 MHz, 7001 MHz, 37.44 W, 51, 0 %, 18 MiB
2026/09/24 16:07:10.613, 0, 38 MHz, 405 MHz, 26.24 W, 51, 1 %, 3196 MiB
2026/09/24 16:07:10.613, 1, 225 MHz, 7001 MHz, 37.28 W, 50, 0 %, 18 MiB
2026/09/24 16:07:11.618, 0, 37 MHz, 405 MHz, 27.22 W, 51, 1 %, 3196 MiB
2026/09/24 16:07:11.618, 1, 225 MHz, 7001 MHz, 36.97 W, 50, 0 %, 18 MiB
2026/09/24 16:07:12.623, 0, 28 MHz, 405 MHz, 23.82 W, 51, 1 %, 3200 MiB
2026/09/24 16:07:12.623, 1, 28 MHz, 810 MHz, 36.53 W, 49, 0 %, 18 MiB
2026/09/24 16:07:13.631, 0, 225 MHz, 405 MHz, 22.07 W, 51, 1 %, 3198 MiB
2026/09/24 16:07:13.631, 1, 28 MHz, 810 MHz, 16.83 W, 49, 0 %, 18 MiB
2026/09/24 16:07:14.638, 0, 41 MHz, 405 MHz, 24.60 W, 51, 1 %, 3204 MiB
2026/09/24 16:07:14.638, 1, 27 MHz, 405 MHz, 15.20 W, 48, 0 %, 2757 MiB
2026/09/24 16:07:15.642, 0, 36 MHz, 405 MHz, 21.53 W, 51, 1 %, 3204 MiB
2026/09/24 16:07:15.642, 1, 2572 MHz, 14001 MHz, 45.88 W, 49, 0 %, 2757 MiB
2026/09/24 16:07:16.646, 0, 28 MHz, 405 MHz, 20.74 W, 51, 1 %, 3204 MiB
2026/09/24 16:07:16.646, 1, 2572 MHz, 14001 MHz, 66.57 W, 49, 0 %, 2757 MiB
2026/09/24 16:07:17.655, 0, 28 MHz, 405 MHz, 21.15 W, 51, 1 %, 3203 MiB
2026/09/24 16:07:17.655, 1, 2730 MHz, 14001 MHz, 301.31 W, 65, 100 %, 2757 MiB
2026/09/24 16:07:18.659, 0, 32 MHz, 405 MHz, 21.26 W, 51, 1 %, 3203 MiB
2026/09/24 16:07:18.659, 1, 2730 MHz, 14001 MHz, 600.17 W, 66, 100 %, 2757 MiB
2026/09/24 16:07:19.661, 0, 29 MHz, 405 MHz, 22.39 W, 51, 2 %, 3203 MiB
2026/09/24 16:07:19.661, 1, 2722 MHz, 14001 MHz, 600.00 W, 66, 100 %, 2757 MiB
2026/09/24 16:07:20.663, 0, 44 MHz, 405 MHz, 22.98 W, 51, 2 %, 3203 MiB
2026/09/24 16:07:20.663, 1, 2722 MHz, 14001 MHz, 600.02 W, 67, 100 %, 2757 MiB
2026/09/24 16:07:21.668, 0, 28 MHz, 405 MHz, 22.84 W, 51, 1 %, 3203 MiB
2026/09/24 16:07:21.668, 1, 2722 MHz, 14001 MHz, 600.01 W, 67, 100 %, 2757 MiB
2026/09/24 16:07:22.671, 0, 30 MHz, 405 MHz, 22.46 W, 51, 1 %, 3203 MiB
2026/09/24 16:07:22.671, 1, 2722 MHz, 14001 MHz, 599.88 W, 67, 100 %, 2757 MiB
2026/09/24 16:07:23.675, 0, 45 MHz, 405 MHz, 22.86 W, 51, 1 %, 3203 MiB
2026/09/24 16:07:23.675, 1, 2722 MHz, 14001 MHz, 600.00 W, 67, 100 %, 2757 MiB
2026/09/24 16:07:24.679, 0, 41 MHz, 405 MHz, 22.62 W, 51, 1 %, 3203 MiB
2026/09/24 16:07:24.679, 1, 2715 MHz, 14001 MHz, 600.02 W, 68, 100 %, 2757 MiB
2026/09/24 16:07:25.681, 0, 28 MHz, 405 MHz, 22.96 W, 51, 1 %, 3203 MiB
2026/09/24 16:07:25.681, 1, 2715 MHz, 14001 MHz, 599.86 W, 68, 100 %, 2757 MiB
2026/09/24 16:07:26.684, 0, 39 MHz, 405 MHz, 21.42 W, 51, 1 %, 3200 MiB
2026/09/24 16:07:26.684, 1, 2715 MHz, 14001 MHz, 600.17 W, 67, 100 %, 2757 MiB
2026/09/24 16:07:27.692, 0, 32 MHz, 405 MHz, 21.69 W, 51, 1 %, 3200 MiB
2026/09/24 16:07:27.692, 1, 2715 MHz, 14001 MHz, 599.96 W, 68, 100 %, 2757 MiB
2026/09/24 16:07:28.693, 0, 30 MHz, 405 MHz, 20.99 W, 51, 1 %, 3205 MiB
2026/09/24 16:07:28.693, 1, 2715 MHz, 14001 MHz, 600.24 W, 68, 100 %, 2757 MiB
2026/09/24 16:07:29.696, 0, 42 MHz, 405 MHz, 22.41 W, 51, 1 %, 3200 MiB
2026/09/24 16:07:29.696, 1, 2715 MHz, 14001 MHz, 599.91 W, 68, 100 %, 2757 MiB
2026/09/24 16:07:30.711, 0, 37 MHz, 405 MHz, 22.28 W, 51, 1 %, 3200 MiB
2026/09/24 16:07:30.711, 1, 2730 MHz, 14001 MHz, 595.33 W, 68, 100 %, 2757 MiB
2026/09/24 16:07:31.713, 0, 262 MHz, 405 MHz, 22.71 W, 51, 1 %, 3200 MiB
2026/09/24 16:07:31.713, 1, 2715 MHz, 14001 MHz, 604.65 W, 68, 100 %, 2757 MiB
2026/09/24 16:07:32.717, 0, 28 MHz, 405 MHz, 23.17 W, 51, 1 %, 3199 MiB
2026/09/24 16:07:32.717, 1, 2715 MHz, 14001 MHz, 600.03 W, 68, 100 %, 2757 MiB
2026/09/24 16:07:33.718, 0, 32 MHz, 405 MHz, 22.19 W, 51, 1 %, 3199 MiB
2026/09/24 16:07:33.718, 1, 2715 MHz, 14001 MHz, 600.01 W, 68, 100 %, 2757 MiB
2026/09/24 16:07:34.720, 0, 30 MHz, 405 MHz, 23.40 W, 51, 1 %, 3199 MiB
2026/09/24 16:07:34.720, 1, 2715 MHz, 14001 MHz, 600.00 W, 69, 100 %, 2757 MiB
2026/09/24 16:07:35.733, 0, 32 MHz, 405 MHz, 22.33 W, 51, 1 %, 3202 MiB
2026/09/24 16:07:35.733, 1, 2715 MHz, 14001 MHz, 600.03 W, 68, 100 %, 2757 MiB
2026/09/24 16:07:36.749, 0, 36 MHz, 405 MHz, 23.24 W, 51, 1 %, 3199 MiB
2026/09/24 16:07:36.749, 1, 2707 MHz, 14001 MHz, 599.93 W, 68, 100 %, 2757 MiB
2026/09/24 16:07:37.755, 0, 38 MHz, 405 MHz, 21.56 W, 51, 1 %, 3195 MiB
2026/09/24 16:07:37.755, 1, 2707 MHz, 14001 MHz, 599.89 W, 68, 100 %, 2757 MiB
2026/09/24 16:07:38.761, 0, 28 MHz, 405 MHz, 21.72 W, 51, 1 %, 3210 MiB
2026/09/24 16:07:38.761, 1, 2715 MHz, 14001 MHz, 599.99 W, 68, 100 %, 2757 MiB
2026/09/24 16:07:39.776, 0, 37 MHz, 405 MHz, 22.55 W, 51, 1 %, 3210 MiB
2026/09/24 16:07:39.776, 1, 2715 MHz, 14001 MHz, 600.00 W, 69, 100 %, 2757 MiB
2026/09/24 16:07:40.779, 0, 28 MHz, 405 MHz, 23.08 W, 51, 1 %, 3203 MiB
2026/09/24 16:07:40.779, 1, 2707 MHz, 14001 MHz, 600.00 W, 69, 100 %, 2757 MiB
2026/09/24 16:07:41.792, 0, 33 MHz, 405 MHz, 20.88 W, 51, 1 %, 3203 MiB
2026/09/24 16:07:41.792, 1, 2707 MHz, 14001 MHz, 599.94 W, 69, 100 %, 2757 MiB
2026/09/24 16:07:42.807, 0, 38 MHz, 405 MHz, 21.48 W, 51, 1 %, 3203 MiB
2026/09/24 16:07:42.807, 1, 2707 MHz, 14001 MHz, 600.18 W, 68, 100 %, 2757 MiB
2026/09/24 16:07:43.813, 0, 36 MHz, 405 MHz, 21.12 W, 51, 1 %, 3203 MiB
2026/09/24 16:07:43.813, 1, 2707 MHz, 14001 MHz, 599.94 W, 69, 100 %, 2757 MiB
2026/09/24 16:07:44.819, 0, 315 MHz, 405 MHz, 22.84 W, 51, 1 %, 3203 MiB
2026/09/24 16:07:44.819, 1, 2752 MHz, 14001 MHz, 595.22 W, 69, 100 %, 2757 MiB
2026/09/24 16:07:45.822, 0, 34 MHz, 405 MHz, 24.71 W, 51, 1 %, 3204 MiB
2026/09/24 16:07:45.822, 1, 2707 MHz, 14001 MHz, 600.04 W, 69, 100 %, 2757 MiB
2026/09/24 16:07:46.823, 0, 397 MHz, 405 MHz, 36.16 W, 51, 2 %, 3220 MiB
2026/09/24 16:07:46.823, 1, 2707 MHz, 14001 MHz, 600.02 W, 69, 100 %, 2757 MiB
2026/09/24 16:07:47.828, 0, 397 MHz, 405 MHz, 37.76 W, 51, 1 %, 3220 MiB
2026/09/24 16:07:47.828, 1, 2707 MHz, 14001 MHz, 600.07 W, 69, 100 %, 2757 MiB
2026/09/24 16:07:48.833, 0, 397 MHz, 405 MHz, 37.59 W, 51, 1 %, 3200 MiB
2026/09/24 16:07:48.833, 1, 2707 MHz, 14001 MHz, 599.84 W, 69, 100 %, 2757 MiB
2026/09/24 16:07:49.835, 0, 35 MHz, 405 MHz, 35.21 W, 51, 0 %, 3204 MiB
2026/09/24 16:07:49.835, 1, 2707 MHz, 14001 MHz, 600.03 W, 69, 100 %, 2757 MiB
2026/09/24 16:07:50.836, 0, 28 MHz, 405 MHz, 23.98 W, 51, 0 %, 3299 MiB
2026/09/24 16:07:50.836, 1, 2700 MHz, 14001 MHz, 600.10 W, 69, 100 %, 2757 MiB
2026/09/24 16:07:51.845, 0, 30 MHz, 405 MHz, 28.07 W, 51, 9 %, 3296 MiB
2026/09/24 16:07:51.845, 1, 2700 MHz, 14001 MHz, 599.84 W, 69, 100 %, 2757 MiB
2026/09/24 16:07:52.846, 0, 30 MHz, 405 MHz, 24.77 W, 51, 1 %, 3291 MiB
2026/09/24 16:07:52.846, 1, 2700 MHz, 14001 MHz, 600.12 W, 69, 100 %, 2757 MiB
2026/09/24 16:07:53.847, 0, 34 MHz, 405 MHz, 24.00 W, 51, 1 %, 3264 MiB
2026/09/24 16:07:53.847, 1, 2700 MHz, 14001 MHz, 600.15 W, 69, 100 %, 2757 MiB
2026/09/24 16:07:54.862, 0, 41 MHz, 405 MHz, 23.90 W, 51, 0 %, 3275 MiB
2026/09/24 16:07:54.862, 1, 2700 MHz, 14001 MHz, 600.01 W, 69, 100 %, 2757 MiB
2026/09/24 16:07:55.877, 0, 397 MHz, 405 MHz, 30.60 W, 51, 1 %, 3282 MiB
2026/09/24 16:07:55.877, 1, 2700 MHz, 14001 MHz, 600.07 W, 69, 100 %, 2757 MiB
2026/09/24 16:07:56.881, 0, 397 MHz, 405 MHz, 37.93 W, 51, 0 %, 3260 MiB
2026/09/24 16:07:56.881, 1, 2700 MHz, 14001 MHz, 600.07 W, 69, 100 %, 2757 MiB
2026/09/24 16:07:57.883, 0, 405 MHz, 405 MHz, 37.76 W, 51, 1 %, 3252 MiB
2026/09/24 16:07:57.883, 1, 2700 MHz, 14001 MHz, 599.72 W, 69, 100 %, 2757 MiB
2026/09/24 16:07:58.888, 0, 34 MHz, 405 MHz, 34.04 W, 51, 0 %, 3252 MiB
2026/09/24 16:07:58.888, 1, 2910 MHz, 14001 MHz, 513.76 W, 57, 100 %, 2757 MiB
2026/09/24 16:07:59.896, 0, 50 MHz, 405 MHz, 24.39 W, 51, 1 %, 3251 MiB
2026/09/24 16:07:59.896, 1, 2955 MHz, 14001 MHz, 105.37 W, 54, 0 %, 2757 MiB
2026/09/24 16:08:00.900, 0, 33 MHz, 405 MHz, 22.68 W, 51, 1 %, 3244 MiB
2026/09/24 16:08:00.900, 1, 630 MHz, 7001 MHz, 80.82 W, 52, 0 %, 18 MiB
2026/09/24 16:08:01.903, 0, 52 MHz, 405 MHz, 26.32 W, 51, 0 %, 3226 MiB
2026/09/24 16:08:01.903, 1, 435 MHz, 7001 MHz, 38.53 W, 51, 0 %, 18 MiB
2026/09/24 16:08:02.910, 0, 39 MHz, 405 MHz, 25.75 W, 51, 0 %, 3220 MiB
2026/09/24 16:08:02.910, 1, 277 MHz, 7001 MHz, 37.61 W, 50, 0 %, 2757 MiB
2026/09/24 16:08:03.926, 0, 39 MHz, 405 MHz, 26.96 W, 51, 1 %, 3220 MiB
2026/09/24 16:08:03.926, 1, 2572 MHz, 14001 MHz, 57.88 W, 50, 0 %, 2757 MiB
2026/09/24 16:08:04.933, 0, 307 MHz, 405 MHz, 31.21 W, 51, 1 %, 3216 MiB
2026/09/24 16:08:04.933, 1, 2595 MHz, 14001 MHz, 68.50 W, 58, 24 %, 2757 MiB
2026/09/24 16:08:05.947, 0, 28 MHz, 405 MHz, 25.60 W, 51, 0 %, 3211 MiB
2026/09/24 16:08:05.947, 1, 2835 MHz, 14001 MHz, 570.75 W, 65, 100 %, 2757 MiB
2026/09/24 16:08:06.950, 0, 28 MHz, 405 MHz, 21.07 W, 50, 0 %, 3211 MiB
2026/09/24 16:08:06.950, 1, 2835 MHz, 14001 MHz, 600.06 W, 66, 100 %, 2757 MiB
2026/09/24 16:08:07.955, 0, 30 MHz, 405 MHz, 21.54 W, 51, 0 %, 3212 MiB
2026/09/24 16:08:07.955, 1, 2827 MHz, 14001 MHz, 599.97 W, 67, 100 %, 2757 MiB
2026/09/24 16:08:08.957, 0, 225 MHz, 405 MHz, 23.60 W, 51, 0 %, 3213 MiB
2026/09/24 16:08:08.957, 1, 2827 MHz, 14001 MHz, 599.99 W, 67, 100 %, 2757 MiB
2026/09/24 16:08:09.960, 0, 60 MHz, 405 MHz, 29.95 W, 51, 1 %, 3232 MiB
2026/09/24 16:08:09.960, 1, 2827 MHz, 14001 MHz, 600.00 W, 67, 100 %, 2757 MiB
2026/09/24 16:08:10.965, 0, 397 MHz, 405 MHz, 37.60 W, 51, 0 %, 3232 MiB
2026/09/24 16:08:10.965, 1, 2827 MHz, 14001 MHz, 600.02 W, 67, 100 %, 2757 MiB
2026/09/24 16:08:11.979, 0, 37 MHz, 405 MHz, 26.47 W, 51, 1 %, 3232 MiB
2026/09/24 16:08:11.979, 1, 2827 MHz, 14001 MHz, 600.02 W, 68, 100 %, 2757 MiB
2026/09/24 16:08:12.980, 0, 34 MHz, 405 MHz, 23.74 W, 51, 0 %, 3232 MiB
2026/09/24 16:08:12.980, 1, 2827 MHz, 14001 MHz, 599.99 W, 67, 100 %, 2757 MiB
2026/09/24 16:08:13.987, 0, 345 MHz, 405 MHz, 31.16 W, 51, 1 %, 3229 MiB
2026/09/24 16:08:13.987, 1, 2827 MHz, 14001 MHz, 599.98 W, 68, 100 %, 2757 MiB
2026/09/24 16:08:15.002, 0, 38 MHz, 405 MHz, 26.93 W, 51, 1 %, 3223 MiB
2026/09/24 16:08:15.002, 1, 2827 MHz, 14001 MHz, 600.01 W, 68, 100 %, 2757 MiB
2026/09/24 16:08:16.017, 0, 442 MHz, 405 MHz, 36.27 W, 51, 0 %, 3231 MiB
2026/09/24 16:08:16.017, 1, 2820 MHz, 14001 MHz, 600.00 W, 68, 100 %, 2757 MiB
2026/09/24 16:08:17.019, 0, 44 MHz, 405 MHz, 34.58 W, 51, 0 %, 3231 MiB
2026/09/24 16:08:17.019, 1, 2820 MHz, 14001 MHz, 600.02 W, 68, 100 %, 2757 MiB
2026/09/24 16:08:18.023, 0, 37 MHz, 405 MHz, 31.86 W, 51, 0 %, 3224 MiB
2026/09/24 16:08:18.023, 1, 2820 MHz, 14001 MHz, 600.01 W, 68, 100 %, 2757 MiB
2026/09/24 16:08:19.039, 0, 570 MHz, 405 MHz, 36.23 W, 51, 2 %, 3236 MiB
2026/09/24 16:08:19.039, 1, 2820 MHz, 14001 MHz, 599.96 W, 68, 100 %, 2757 MiB
2026/09/24 16:08:20.043, 0, 37 MHz, 405 MHz, 29.36 W, 51, 0 %, 3236 MiB
2026/09/24 16:08:20.043, 1, 2820 MHz, 14001 MHz, 599.99 W, 68, 100 %, 2757 MiB
2026/09/24 16:08:21.048, 0, 36 MHz, 405 MHz, 22.50 W, 51, 0 %, 3236 MiB
2026/09/24 16:08:21.048, 1, 2820 MHz, 14001 MHz, 600.01 W, 68, 100 %, 2757 MiB
2026/09/24 16:08:22.051, 0, 36 MHz, 405 MHz, 21.82 W, 51, 0 %, 3236 MiB
2026/09/24 16:08:22.051, 1, 2820 MHz, 14001 MHz, 599.98 W, 68, 100 %, 2757 MiB
2026/09/24 16:08:23.057, 0, 36 MHz, 405 MHz, 21.65 W, 51, 0 %, 3236 MiB
2026/09/24 16:08:23.057, 1, 2812 MHz, 14001 MHz, 600.00 W, 68, 100 %, 2757 MiB
2026/09/24 16:08:24.060, 0, 33 MHz, 405 MHz, 21.59 W, 51, 0 %, 3236 MiB
2026/09/24 16:08:24.060, 1, 2820 MHz, 14001 MHz, 599.98 W, 68, 100 %, 2757 MiB
2026/09/24 16:08:25.064, 0, 38 MHz, 405 MHz, 21.98 W, 51, 0 %, 3236 MiB
2026/09/24 16:08:25.064, 1, 2715 MHz, 14001 MHz, 599.27 W, 68, 100 %, 2757 MiB
2026/09/24 16:08:26.066, 0, 285 MHz, 405 MHz, 21.96 W, 51, 0 %, 3236 MiB
2026/09/24 16:08:26.066, 1, 2715 MHz, 14001 MHz, 600.33 W, 68, 100 %, 2757 MiB
2026/09/24 16:08:27.069, 0, 33 MHz, 405 MHz, 21.89 W, 51, 0 %, 3236 MiB
2026/09/24 16:08:27.069, 1, 2715 MHz, 14001 MHz, 599.90 W, 68, 100 %, 2757 MiB
2026/09/24 16:08:28.071, 0, 39 MHz, 405 MHz, 21.92 W, 51, 0 %, 3236 MiB
2026/09/24 16:08:28.071, 1, 2715 MHz, 14001 MHz, 600.08 W, 68, 100 %, 2757 MiB
2026/09/24 16:08:29.086, 0, 45 MHz, 405 MHz, 22.97 W, 51, 1 %, 3236 MiB
2026/09/24 16:08:29.086, 1, 2707 MHz, 14001 MHz, 599.97 W, 68, 100 %, 2757 MiB
2026/09/24 16:08:30.095, 0, 36 MHz, 405 MHz, 23.04 W, 51, 0 %, 3236 MiB
2026/09/24 16:08:30.095, 1, 2715 MHz, 14001 MHz, 599.92 W, 68, 100 %, 2757 MiB
2026/09/24 16:08:31.098, 0, 36 MHz, 405 MHz, 22.27 W, 51, 0 %, 3236 MiB
2026/09/24 16:08:31.098, 1, 2715 MHz, 14001 MHz, 599.93 W, 68, 100 %, 2757 MiB
2026/09/24 16:08:32.098, 0, 39 MHz, 405 MHz, 22.04 W, 50, 0 %, 3236 MiB
2026/09/24 16:08:32.098, 1, 2707 MHz, 14001 MHz, 600.03 W, 69, 100 %, 2757 MiB
2026/09/24 16:08:33.099, 0, 36 MHz, 405 MHz, 22.28 W, 51, 0 %, 3236 MiB
2026/09/24 16:08:33.099, 1, 2707 MHz, 14001 MHz, 600.08 W, 68, 100 %, 2757 MiB
2026/09/24 16:08:34.102, 0, 37 MHz, 405 MHz, 22.03 W, 50, 0 %, 3236 MiB
2026/09/24 16:08:34.102, 1, 2707 MHz, 14001 MHz, 599.99 W, 68, 100 %, 2757 MiB
2026/09/24 16:08:35.108, 0, 43 MHz, 405 MHz, 22.38 W, 50, 0 %, 3242 MiB
2026/09/24 16:08:35.108, 1, 2707 MHz, 14001 MHz, 599.88 W, 68, 100 %, 2757 MiB
2026/09/24 16:08:36.116, 0, 33 MHz, 405 MHz, 22.05 W, 50, 0 %, 3242 MiB
2026/09/24 16:08:36.116, 1, 2707 MHz, 14001 MHz, 599.94 W, 68, 100 %, 2757 MiB
2026/09/24 16:08:37.120, 0, 40 MHz, 405 MHz, 22.23 W, 50, 0 %, 3242 MiB
2026/09/24 16:08:37.120, 1, 2707 MHz, 14001 MHz, 599.90 W, 68, 100 %, 2757 MiB
2026/09/24 16:08:38.133, 0, 75 MHz, 405 MHz, 25.03 W, 51, 1 %, 3243 MiB
2026/09/24 16:08:38.133, 1, 2707 MHz, 14001 MHz, 600.04 W, 68, 100 %, 2757 MiB
2026/09/24 16:08:39.148, 0, 60 MHz, 405 MHz, 24.85 W, 51, 0 %, 3219 MiB
2026/09/24 16:08:39.148, 1, 2707 MHz, 14001 MHz, 599.82 W, 68, 100 %, 2757 MiB
2026/09/24 16:08:40.149, 0, 51 MHz, 405 MHz, 26.28 W, 51, 0 %, 3227 MiB
2026/09/24 16:08:40.149, 1, 2707 MHz, 14001 MHz, 600.23 W, 69, 100 %, 2757 MiB
2026/09/24 16:08:41.153, 0, 45 MHz, 405 MHz, 30.55 W, 51, 0 %, 3251 MiB
2026/09/24 16:08:41.153, 1, 2707 MHz, 14001 MHz, 600.02 W, 68, 100 %, 2757 MiB
2026/09/24 16:08:42.168, 0, 525 MHz, 405 MHz, 28.35 W, 51, 0 %, 3251 MiB
2026/09/24 16:08:42.168, 1, 2707 MHz, 14001 MHz, 599.87 W, 69, 100 %, 2757 MiB
2026/09/24 16:08:43.172, 0, 38 MHz, 405 MHz, 27.24 W, 51, 0 %, 3251 MiB
2026/09/24 16:08:43.172, 1, 2707 MHz, 14001 MHz, 599.99 W, 68, 100 %, 2757 MiB
2026/09/24 16:08:44.176, 0, 57 MHz, 405 MHz, 26.00 W, 51, 1 %, 3245 MiB
2026/09/24 16:08:44.176, 1, 2707 MHz, 14001 MHz, 599.98 W, 69, 100 %, 2757 MiB
2026/09/24 16:08:45.176, 0, 37 MHz, 405 MHz, 25.87 W, 50, 0 %, 3245 MiB
2026/09/24 16:08:45.176, 1, 2700 MHz, 14001 MHz, 599.99 W, 69, 100 %, 2757 MiB
2026/09/24 16:08:46.178, 0, 36 MHz, 405 MHz, 21.17 W, 50, 0 %, 3241 MiB
2026/09/24 16:08:46.178, 1, 2707 MHz, 14001 MHz, 599.97 W, 69, 100 %, 2757 MiB
2026/09/24 16:08:47.180, 0, 31 MHz, 405 MHz, 20.78 W, 50, 0 %, 3241 MiB
2026/09/24 16:08:47.180, 1, 2700 MHz, 14001 MHz, 599.96 W, 69, 100 %, 2757 MiB
2026/09/24 16:08:48.184, 0, 38 MHz, 405 MHz, 21.08 W, 50, 0 %, 3241 MiB
2026/09/24 16:08:48.184, 1, 2700 MHz, 14001 MHz, 599.97 W, 69, 100 %, 2757 MiB
2026/09/24 16:08:49.199, 0, 35 MHz, 405 MHz, 20.65 W, 50, 0 %, 3241 MiB
2026/09/24 16:08:49.199, 1, 2700 MHz, 14001 MHz, 600.05 W, 68, 100 %, 2757 MiB
2026/09/24 16:08:50.204, 0, 32 MHz, 405 MHz, 21.04 W, 50, 0 %, 3241 MiB
2026/09/24 16:08:50.204, 1, 2700 MHz, 14001 MHz, 600.00 W, 69, 100 %, 2757 MiB
2026/09/24 16:08:51.207, 0, 34 MHz, 405 MHz, 21.20 W, 50, 0 %, 3241 MiB
2026/09/24 16:08:51.207, 1, 2700 MHz, 14001 MHz, 599.90 W, 69, 100 %, 2757 MiB
2026/09/24 16:08:52.209, 0, 34 MHz, 405 MHz, 20.93 W, 50, 0 %, 3241 MiB
2026/09/24 16:08:52.209, 1, 2700 MHz, 14001 MHz, 600.00 W, 69, 100 %, 2757 MiB
2026/09/24 16:08:53.212, 0, 38 MHz, 405 MHz, 20.25 W, 50, 0 %, 3241 MiB
2026/09/24 16:08:53.212, 1, 2955 MHz, 14001 MHz, 441.33 W, 56, 0 %, 18 MiB
2026/09/24 16:08:54.224, 0, 35 MHz, 405 MHz, 19.94 W, 50, 0 %, 3241 MiB
2026/09/24 16:08:54.224, 1, 2955 MHz, 14001 MHz, 121.06 W, 55, 0 %, 18 MiB
2026/09/24 16:08:55.228, 0, 40 MHz, 405 MHz, 22.90 W, 50, 0 %, 3241 MiB
2026/09/24 16:08:55.228, 1, 2092 MHz, 7001 MHz, 79.04 W, 52, 0 %, 2757 MiB
2026/09/24 16:08:56.230, 0, 52 MHz, 405 MHz, 24.26 W, 51, 0 %, 3241 MiB
2026/09/24 16:08:56.230, 1, 2572 MHz, 14001 MHz, 57.99 W, 52, 0 %, 2757 MiB
2026/09/24 16:08:57.245, 0, 345 MHz, 405 MHz, 25.44 W, 51, 0 %, 3241 MiB
2026/09/24 16:08:57.245, 1, 2572 MHz, 14001 MHz, 72.06 W, 52, 0 %, 2757 MiB
2026/09/24 16:08:58.250, 0, 36 MHz, 405 MHz, 22.88 W, 50, 0 %, 3241 MiB
2026/09/24 16:08:58.250, 1, 2827 MHz, 14001 MHz, 267.88 W, 66, 100 %, 2757 MiB
2026/09/24 16:08:59.257, 0, 35 MHz, 405 MHz, 21.31 W, 50, 0 %, 3241 MiB
2026/09/24 16:08:59.257, 1, 2827 MHz, 14001 MHz, 600.06 W, 67, 100 %, 2757 MiB
2026/09/24 16:09:00.261, 0, 42 MHz, 405 MHz, 21.23 W, 50, 0 %, 3241 MiB
2026/09/24 16:09:00.261, 1, 2827 MHz, 14001 MHz, 599.96 W, 67, 100 %, 2757 MiB
2026/09/24 16:09:01.268, 0, 41 MHz, 405 MHz, 21.12 W, 50, 0 %, 3241 MiB
2026/09/24 16:09:01.268, 1, 2827 MHz, 14001 MHz, 600.05 W, 67, 100 %, 2757 MiB
2026/09/24 16:09:02.275, 0, 32 MHz, 405 MHz, 20.49 W, 50, 0 %, 3241 MiB
2026/09/24 16:09:02.275, 1, 2827 MHz, 14001 MHz, 599.97 W, 68, 100 %, 2757 MiB
2026/09/24 16:09:03.276, 0, 37 MHz, 405 MHz, 20.57 W, 50, 0 %, 3241 MiB
2026/09/24 16:09:03.276, 1, 2827 MHz, 14001 MHz, 600.07 W, 68, 100 %, 2757 MiB
2026/09/24 16:09:04.279, 0, 36 MHz, 405 MHz, 20.65 W, 50, 0 %, 3241 MiB
2026/09/24 16:09:04.279, 1, 2827 MHz, 14001 MHz, 599.98 W, 68, 100 %, 2757 MiB
2026/09/24 16:09:05.281, 0, 33 MHz, 405 MHz, 20.01 W, 50, 0 %, 3241 MiB
2026/09/24 16:09:05.281, 1, 2827 MHz, 14001 MHz, 600.01 W, 68, 100 %, 2757 MiB
2026/09/24 16:09:06.282, 0, 33 MHz, 405 MHz, 20.88 W, 50, 0 %, 3241 MiB
2026/09/24 16:09:06.282, 1, 2827 MHz, 14001 MHz, 600.02 W, 68, 100 %, 2757 MiB
2026/09/24 16:09:07.284, 0, 39 MHz, 405 MHz, 21.42 W, 50, 1 %, 3212 MiB
2026/09/24 16:09:07.284, 1, 2820 MHz, 14001 MHz, 600.00 W, 68, 100 %, 2757 MiB
2026/09/24 16:09:08.289, 0, 40 MHz, 405 MHz, 21.98 W, 50, 0 %, 3211 MiB
2026/09/24 16:09:08.289, 1, 2820 MHz, 14001 MHz, 599.96 W, 68, 100 %, 2757 MiB
2026/09/24 16:09:09.296, 0, 50 MHz, 405 MHz, 29.41 W, 50, 0 %, 3234 MiB
2026/09/24 16:09:09.296, 1, 2820 MHz, 14001 MHz, 600.04 W, 68, 100 %, 2757 MiB
2026/09/24 16:09:10.299, 0, 36 MHz, 405 MHz, 23.08 W, 50, 0 %, 3234 MiB
2026/09/24 16:09:10.299, 1, 2820 MHz, 14001 MHz, 600.00 W, 69, 100 %, 2757 MiB
2026/09/24 16:09:11.302, 0, 36 MHz, 405 MHz, 24.26 W, 51, 1 %, 3234 MiB
2026/09/24 16:09:11.302, 1, 2820 MHz, 14001 MHz, 599.96 W, 69, 100 %, 2757 MiB
2026/09/24 16:09:12.309, 0, 37 MHz, 405 MHz, 24.51 W, 50, 0 %, 3234 MiB
2026/09/24 16:09:12.309, 1, 2820 MHz, 14001 MHz, 600.02 W, 69, 100 %, 2757 MiB
2026/09/24 16:09:13.311, 0, 39 MHz, 405 MHz, 23.90 W, 50, 0 %, 3230 MiB
2026/09/24 16:09:13.311, 1, 2820 MHz, 14001 MHz, 600.01 W, 69, 100 %, 2757 MiB
2026/09/24 16:09:14.314, 0, 37 MHz, 405 MHz, 22.05 W, 50, 0 %, 3228 MiB
2026/09/24 16:09:14.314, 1, 2820 MHz, 14001 MHz, 599.98 W, 69, 100 %, 2757 MiB
2026/09/24 16:09:15.327, 0, 39 MHz, 405 MHz, 23.00 W, 50, 0 %, 3216 MiB
2026/09/24 16:09:15.327, 1, 2820 MHz, 14001 MHz, 599.97 W, 69, 100 %, 2757 MiB
2026/09/24 16:09:16.330, 0, 592 MHz, 405 MHz, 26.50 W, 51, 0 %, 3216 MiB
2026/09/24 16:09:16.330, 1, 2820 MHz, 14001 MHz, 599.98 W, 68, 100 %, 2757 MiB
2026/09/24 16:09:17.345, 0, 61 MHz, 405 MHz, 35.85 W, 51, 0 %, 3226 MiB
2026/09/24 16:09:17.345, 1, 2820 MHz, 14001 MHz, 593.13 W, 71, 100 %, 2757 MiB
2026/09/24 16:09:18.348, 0, 41 MHz, 405 MHz, 30.68 W, 51, 0 %, 3223 MiB
2026/09/24 16:09:18.348, 1, 2715 MHz, 14001 MHz, 599.57 W, 69, 100 %, 2757 MiB
2026/09/24 16:09:19.349, 0, 58 MHz, 405 MHz, 34.90 W, 51, 0 %, 3222 MiB
2026/09/24 16:09:19.349, 1, 2715 MHz, 14001 MHz, 599.97 W, 69, 100 %, 2757 MiB
2026/09/24 16:09:20.350, 0, 375 MHz, 405 MHz, 34.28 W, 51, 0 %, 3229 MiB
2026/09/24 16:09:20.350, 1, 2715 MHz, 14001 MHz, 599.98 W, 69, 100 %, 2757 MiB
2026/09/24 16:09:21.352, 0, 390 MHz, 405 MHz, 36.21 W, 51, 0 %, 3227 MiB
2026/09/24 16:09:21.352, 1, 2715 MHz, 14001 MHz, 599.90 W, 69, 100 %, 2757 MiB
2026/09/24 16:09:22.355, 0, 525 MHz, 405 MHz, 35.44 W, 51, 0 %, 3217 MiB
2026/09/24 16:09:22.355, 1, 2707 MHz, 14001 MHz, 600.13 W, 68, 100 %, 2757 MiB
2026/09/24 16:09:23.369, 0, 45 MHz, 405 MHz, 35.22 W, 51, 0 %, 3213 MiB
2026/09/24 16:09:23.369, 1, 2715 MHz, 14001 MHz, 600.00 W, 69, 100 %, 2757 MiB
2026/09/24 16:09:24.374, 0, 450 MHz, 405 MHz, 30.55 W, 51, 1 %, 3213 MiB
2026/09/24 16:09:24.374, 1, 2707 MHz, 14001 MHz, 599.93 W, 69, 100 %, 2757 MiB
2026/09/24 16:09:25.374, 0, 42 MHz, 405 MHz, 32.06 W, 51, 0 %, 3213 MiB
2026/09/24 16:09:25.374, 1, 2707 MHz, 14001 MHz, 600.06 W, 68, 100 %, 2757 MiB
2026/09/24 16:09:26.389, 0, 622 MHz, 405 MHz, 26.54 W, 51, 1 %, 3213 MiB
2026/09/24 16:09:26.389, 1, 2707 MHz, 14001 MHz, 600.01 W, 69, 100 %, 2757 MiB
2026/09/24 16:09:27.395, 0, 51 MHz, 405 MHz, 27.45 W, 50, 0 %, 3213 MiB
2026/09/24 16:09:27.395, 1, 2707 MHz, 14001 MHz, 599.94 W, 69, 100 %, 2757 MiB
2026/09/24 16:09:28.402, 0, 47 MHz, 405 MHz, 22.61 W, 50, 0 %, 3213 MiB
2026/09/24 16:09:28.402, 1, 2707 MHz, 14001 MHz, 600.08 W, 69, 100 %, 2757 MiB
2026/09/24 16:09:29.407, 0, 39 MHz, 405 MHz, 28.85 W, 51, 0 %, 3213 MiB
2026/09/24 16:09:29.407, 1, 2707 MHz, 14001 MHz, 599.96 W, 68, 100 %, 2757 MiB
2026/09/24 16:09:30.408, 0, 34 MHz, 405 MHz, 20.64 W, 50, 0 %, 3209 MiB
2026/09/24 16:09:30.408, 1, 2707 MHz, 14001 MHz, 600.01 W, 69, 100 %, 2757 MiB
2026/09/24 16:09:31.408, 0, 34 MHz, 405 MHz, 21.23 W, 50, 0 %, 3205 MiB
2026/09/24 16:09:31.408, 1, 2707 MHz, 14001 MHz, 599.88 W, 68, 100 %, 2757 MiB
2026/09/24 16:09:32.409, 0, 44 MHz, 405 MHz, 30.36 W, 51, 0 %, 3205 MiB
2026/09/24 16:09:32.409, 1, 2707 MHz, 14001 MHz, 599.94 W, 69, 100 %, 2757 MiB
2026/09/24 16:09:33.412, 0, 34 MHz, 405 MHz, 21.87 W, 50, 0 %, 3205 MiB
2026/09/24 16:09:33.412, 1, 2707 MHz, 14001 MHz, 600.04 W, 69, 100 %, 2757 MiB
2026/09/24 16:09:34.414, 0, 44 MHz, 405 MHz, 21.25 W, 50, 1 %, 3205 MiB
2026/09/24 16:09:34.414, 1, 2707 MHz, 14001 MHz, 600.03 W, 69, 100 %, 2757 MiB
2026/09/24 16:09:35.420, 0, 43 MHz, 405 MHz, 21.81 W, 50, 1 %, 3218 MiB
2026/09/24 16:09:35.420, 1, 2700 MHz, 14001 MHz, 599.88 W, 69, 100 %, 2757 MiB
2026/09/24 16:09:36.425, 0, 37 MHz, 405 MHz, 21.39 W, 50, 0 %, 3218 MiB
2026/09/24 16:09:36.425, 1, 2707 MHz, 14001 MHz, 599.99 W, 69, 100 %, 2757 MiB
2026/09/24 16:09:37.428, 0, 36 MHz, 405 MHz, 20.73 W, 50, 0 %, 3218 MiB
2026/09/24 16:09:37.428, 1, 2707 MHz, 14001 MHz, 600.00 W, 69, 100 %, 2757 MiB
2026/09/24 16:09:38.433, 0, 34 MHz, 405 MHz, 20.78 W, 50, 0 %, 3218 MiB
2026/09/24 16:09:38.433, 1, 2700 MHz, 14001 MHz, 599.97 W, 68, 100 %, 2757 MiB
2026/09/24 16:09:39.446, 0, 37 MHz, 405 MHz, 20.83 W, 50, 0 %, 3218 MiB
2026/09/24 16:09:39.446, 1, 2700 MHz, 14001 MHz, 599.88 W, 69, 100 %, 2757 MiB
2026/09/24 16:09:40.458, 0, 36 MHz, 405 MHz, 20.66 W, 50, 0 %, 3218 MiB
2026/09/24 16:09:40.458, 1, 2700 MHz, 14001 MHz, 600.16 W, 69, 100 %, 2757 MiB
2026/09/24 16:09:41.471, 0, 37 MHz, 405 MHz, 21.19 W, 50, 1 %, 3202 MiB
2026/09/24 16:09:41.471, 1, 2700 MHz, 14001 MHz, 599.95 W, 69, 100 %, 2757 MiB
2026/09/24 16:09:42.477, 0, 55 MHz, 405 MHz, 33.61 W, 51, 1 %, 3218 MiB
2026/09/24 16:09:42.477, 1, 2700 MHz, 14001 MHz, 600.02 W, 69, 100 %, 2757 MiB
2026/09/24 16:09:43.481, 0, 322 MHz, 405 MHz, 28.62 W, 50, 1 %, 3214 MiB
2026/09/24 16:09:43.481, 1, 2700 MHz, 14001 MHz, 600.03 W, 69, 100 %, 2757 MiB
2026/09/24 16:09:44.486, 0, 45 MHz, 405 MHz, 25.44 W, 50, 0 %, 3213 MiB
2026/09/24 16:09:44.486, 1, 2700 MHz, 14001 MHz, 599.89 W, 69, 100 %, 2757 MiB
2026/09/24 16:09:45.492, 0, 41 MHz, 405 MHz, 23.08 W, 50, 0 %, 3209 MiB
2026/09/24 16:09:45.492, 1, 2955 MHz, 14001 MHz, 384.38 W, 56, 100 %, 18 MiB
2026/09/24 16:09:46.495, 0, 33 MHz, 405 MHz, 23.71 W, 50, 0 %, 3209 MiB
2026/09/24 16:09:46.495, 1, 2955 MHz, 14001 MHz, 109.72 W, 55, 0 %, 18 MiB
2026/09/24 16:09:47.499, 0, 42 MHz, 405 MHz, 25.03 W, 50, 0 %, 3206 MiB
2026/09/24 16:09:47.499, 1, 1155 MHz, 7001 MHz, 80.46 W, 52, 0 %, 18 MiB
2026/09/24 16:09:48.505, 0, 37 MHz, 405 MHz, 26.02 W, 50, 0 %, 3195 MiB
2026/09/24 16:09:48.505, 1, 450 MHz, 7001 MHz, 38.25 W, 51, 0 %, 18 MiB
2026/09/24 16:09:49.512, 0, 33 MHz, 405 MHz, 22.96 W, 50, 0 %, 3195 MiB
2026/09/24 16:09:49.512, 1, 285 MHz, 7001 MHz, 37.92 W, 51, 0 %, 18 MiB
2026/09/24 16:09:50.518, 0, 457 MHz, 405 MHz, 28.37 W, 51, 2 %, 3208 MiB
2026/09/24 16:09:50.518, 1, 217 MHz, 7001 MHz, 37.37 W, 50, 0 %, 18 MiB
2026/09/24 16:09:51.528, 0, 307 MHz, 405 MHz, 33.18 W, 51, 0 %, 3208 MiB
2026/09/24 16:09:51.528, 1, 225 MHz, 7001 MHz, 36.69 W, 50, 0 %, 18 MiB
2026/09/24 16:09:52.535, 0, 427 MHz, 405 MHz, 30.90 W, 51, 0 %, 3208 MiB
2026/09/24 16:09:52.535, 1, 225 MHz, 810 MHz, 24.28 W, 49, 0 %, 2757 MiB
2026/09/24 16:09:53.537, 0, 270 MHz, 405 MHz, 34.42 W, 51, 0 %, 3213 MiB
2026/09/24 16:09:53.537, 1, 2572 MHz, 14001 MHz, 50.25 W, 49, 0 %, 2757 MiB
2026/09/24 16:09:54.543, 0, 337 MHz, 405 MHz, 35.84 W, 51, 1 %, 3213 MiB
2026/09/24 16:09:54.543, 1, 2572 MHz, 14001 MHz, 65.44 W, 50, 0 %, 2757 MiB
2026/09/24 16:09:55.554, 0, 240 MHz, 405 MHz, 31.43 W, 51, 0 %, 3213 MiB
2026/09/24 16:09:55.554, 1, 2730 MHz, 14001 MHz, 324.60 W, 65, 100 %, 2757 MiB
2026/09/24 16:09:56.564, 0, 46 MHz, 405 MHz, 25.39 W, 50, 0 %, 3205 MiB
2026/09/24 16:09:56.564, 1, 2730 MHz, 14001 MHz, 600.00 W, 66, 100 %, 2757 MiB
2026/09/24 16:09:57.568, 0, 450 MHz, 405 MHz, 30.84 W, 51, 1 %, 3225 MiB
2026/09/24 16:09:57.568, 1, 2722 MHz, 14001 MHz, 600.04 W, 67, 100 %, 2757 MiB
2026/09/24 16:09:58.581, 0, 277 MHz, 405 MHz, 36.70 W, 51, 1 %, 3236 MiB
2026/09/24 16:09:58.581, 1, 2722 MHz, 14001 MHz, 600.06 W, 67, 100 %, 2757 MiB
2026/09/24 16:09:59.581, 0, 360 MHz, 405 MHz, 27.82 W, 51, 1 %, 3237 MiB
2026/09/24 16:09:59.581, 1, 2722 MHz, 14001 MHz, 600.01 W, 67, 100 %, 2757 MiB
2026/09/24 16:10:00.595, 0, 28 MHz, 405 MHz, 28.44 W, 50, 2 %, 3235 MiB
2026/09/24 16:10:00.595, 1, 2715 MHz, 14001 MHz, 600.04 W, 67, 100 %, 2757 MiB
2026/09/24 16:10:01.609, 0, 33 MHz, 405 MHz, 26.00 W, 51, 0 %, 3231 MiB
2026/09/24 16:10:01.609, 1, 2715 MHz, 14001 MHz, 599.99 W, 68, 100 %, 2757 MiB
2026/09/24 16:10:02.613, 0, 30 MHz, 405 MHz, 27.82 W, 50, 0 %, 3231 MiB
2026/09/24 16:10:02.613, 1, 2715 MHz, 14001 MHz, 599.98 W, 68, 100 %, 2757 MiB
2026/09/24 16:10:03.618, 0, 240 MHz, 405 MHz, 27.78 W, 51, 1 %, 3231 MiB
2026/09/24 16:10:03.618, 1, 2715 MHz, 14001 MHz, 599.90 W, 68, 100 %, 2757 MiB
2026/09/24 16:10:04.623, 0, 33 MHz, 405 MHz, 25.23 W, 50, 0 %, 3226 MiB
2026/09/24 16:10:04.623, 1, 2715 MHz, 14001 MHz, 600.05 W, 68, 100 %, 2757 MiB
2026/09/24 16:10:05.627, 0, 47 MHz, 405 MHz, 25.21 W, 50, 1 %, 3219 MiB
2026/09/24 16:10:05.627, 1, 2715 MHz, 14001 MHz, 599.96 W, 67, 100 %, 2757 MiB
2026/09/24 16:10:06.632, 0, 30 MHz, 405 MHz, 24.10 W, 50, 1 %, 3218 MiB
2026/09/24 16:10:06.632, 1, 2715 MHz, 14001 MHz, 599.98 W, 68, 100 %, 2757 MiB
2026/09/24 16:10:07.635, 0, 375 MHz, 405 MHz, 34.66 W, 51, 1 %, 3231 MiB
2026/09/24 16:10:07.635, 1, 2715 MHz, 14001 MHz, 599.97 W, 68, 100 %, 2757 MiB
2026/09/24 16:10:08.642, 0, 300 MHz, 405 MHz, 35.87 W, 51, 0 %, 3233 MiB
2026/09/24 16:10:08.642, 1, 2715 MHz, 14001 MHz, 593.66 W, 66, 100 %, 2757 MiB
2026/09/24 16:10:09.644, 0, 35 MHz, 405 MHz, 30.67 W, 50, 0 %, 3233 MiB
2026/09/24 16:10:09.644, 1, 2715 MHz, 14001 MHz, 600.05 W, 68, 100 %, 2757 MiB
2026/09/24 16:10:10.650, 0, 397 MHz, 405 MHz, 34.31 W, 51, 1 %, 3234 MiB
2026/09/24 16:10:10.650, 1, 2715 MHz, 14001 MHz, 599.94 W, 68, 100 %, 2757 MiB
2026/09/24 16:10:11.666, 0, 397 MHz, 405 MHz, 36.08 W, 51, 0 %, 3233 MiB
2026/09/24 16:10:11.666, 1, 2715 MHz, 14001 MHz, 599.82 W, 68, 100 %, 2757 MiB
2026/09/24 16:10:12.668, 0, 420 MHz, 405 MHz, 31.17 W, 51, 1 %, 3218 MiB
2026/09/24 16:10:12.668, 1, 2715 MHz, 14001 MHz, 599.93 W, 67, 100 %, 2757 MiB
2026/09/24 16:10:13.671, 0, 255 MHz, 405 MHz, 34.68 W, 51, 0 %, 3218 MiB
2026/09/24 16:10:13.671, 1, 2715 MHz, 14001 MHz, 599.79 W, 68, 100 %, 2757 MiB
2026/09/24 16:10:14.684, 0, 35 MHz, 405 MHz, 28.37 W, 50, 0 %, 3218 MiB
2026/09/24 16:10:14.684, 1, 2715 MHz, 14001 MHz, 599.94 W, 68, 100 %, 2757 MiB
2026/09/24 16:10:15.688, 0, 34 MHz, 405 MHz, 20.97 W, 50, 0 %, 3216 MiB
2026/09/24 16:10:15.688, 1, 2715 MHz, 14001 MHz, 600.00 W, 68, 100 %, 2757 MiB
2026/09/24 16:10:16.700, 0, 34 MHz, 405 MHz, 20.40 W, 50, 0 %, 3214 MiB
2026/09/24 16:10:16.700, 1, 2715 MHz, 14001 MHz, 599.96 W, 68, 100 %, 2757 MiB
2026/09/24 16:10:17.714, 0, 31 MHz, 405 MHz, 20.93 W, 50, 0 %, 3214 MiB
2026/09/24 16:10:17.714, 1, 2715 MHz, 14001 MHz, 600.11 W, 68, 100 %, 2757 MiB
2026/09/24 16:10:18.730, 0, 36 MHz, 405 MHz, 21.53 W, 51, 0 %, 3199 MiB
2026/09/24 16:10:18.730, 1, 2715 MHz, 14001 MHz, 599.91 W, 68, 100 %, 2757 MiB
2026/09/24 16:10:19.735, 0, 360 MHz, 405 MHz, 35.11 W, 51, 0 %, 3200 MiB
2026/09/24 16:10:19.735, 1, 2715 MHz, 14001 MHz, 600.10 W, 68, 100 %, 2757 MiB
2026/09/24 16:10:20.743, 0, 30 MHz, 405 MHz, 28.41 W, 50, 0 %, 3201 MiB
2026/09/24 16:10:20.743, 1, 2715 MHz, 14001 MHz, 599.86 W, 68, 100 %, 2757 MiB
2026/09/24 16:10:21.746, 0, 28 MHz, 405 MHz, 20.26 W, 50, 0 %, 3203 MiB
2026/09/24 16:10:21.746, 1, 2707 MHz, 14001 MHz, 600.14 W, 68, 100 %, 2757 MiB
2026/09/24 16:10:22.748, 0, 360 MHz, 405 MHz, 28.17 W, 50, 0 %, 3203 MiB
2026/09/24 16:10:22.748, 1, 2715 MHz, 14001 MHz, 593.43 W, 62, 100 %, 2757 MiB
2026/09/24 16:10:23.752, 0, 38 MHz, 405 MHz, 30.60 W, 51, 0 %, 3201 MiB
2026/09/24 16:10:23.752, 1, 2715 MHz, 14001 MHz, 600.08 W, 68, 100 %, 2757 MiB
2026/09/24 16:10:24.755, 0, 30 MHz, 405 MHz, 29.18 W, 50, 0 %, 3194 MiB
2026/09/24 16:10:24.755, 1, 2707 MHz, 14001 MHz, 599.88 W, 69, 100 %, 2757 MiB
2026/09/24 16:10:25.762, 0, 28 MHz, 405 MHz, 20.26 W, 50, 0 %, 3194 MiB
2026/09/24 16:10:25.762, 1, 2707 MHz, 14001 MHz, 600.11 W, 68, 100 %, 2757 MiB
2026/09/24 16:10:26.770, 0, 46 MHz, 405 MHz, 22.28 W, 50, 1 %, 3194 MiB
2026/09/24 16:10:26.770, 1, 2707 MHz, 14001 MHz, 599.94 W, 69, 100 %, 2757 MiB
2026/09/24 16:10:27.772, 0, 307 MHz, 405 MHz, 31.87 W, 51, 0 %, 3191 MiB
2026/09/24 16:10:27.772, 1, 2707 MHz, 14001 MHz, 600.13 W, 68, 100 %, 2757 MiB
2026/09/24 16:10:28.775, 0, 35 MHz, 405 MHz, 26.50 W, 50, 0 %, 3191 MiB
2026/09/24 16:10:28.775, 1, 2707 MHz, 14001 MHz, 599.84 W, 69, 100 %, 2757 MiB
2026/09/24 16:10:29.784, 0, 1590 MHz, 14001 MHz, 41.19 W, 52, 0 %, 3198 MiB
2026/09/24 16:10:29.784, 1, 2790 MHz, 14001 MHz, 570.86 W, 70, 100 %, 2757 MiB
2026/09/24 16:10:30.789, 0, 2962 MHz, 14001 MHz, 97.56 W, 53, 0 %, 3197 MiB
2026/09/24 16:10:30.789, 1, 2707 MHz, 14001 MHz, 609.64 W, 69, 100 %, 2757 MiB
2026/09/24 16:10:31.799, 0, 2760 MHz, 7001 MHz, 90.13 W, 52, 0 %, 3224 MiB
2026/09/24 16:10:31.799, 1, 2707 MHz, 14001 MHz, 599.88 W, 69, 100 %, 2757 MiB
2026/09/24 16:10:32.805, 0, 480 MHz, 810 MHz, 36.18 W, 51, 0 %, 3224 MiB
2026/09/24 16:10:32.805, 1, 2700 MHz, 14001 MHz, 600.06 W, 69, 100 %, 2757 MiB
2026/09/24 16:10:33.820, 0, 405 MHz, 810 MHz, 32.49 W, 51, 0 %, 3208 MiB
2026/09/24 16:10:33.820, 1, 2707 MHz, 14001 MHz, 600.07 W, 68, 100 %, 2757 MiB
2026/09/24 16:10:34.825, 0, 28 MHz, 405 MHz, 26.65 W, 51, 0 %, 3212 MiB
2026/09/24 16:10:34.825, 1, 2707 MHz, 14001 MHz, 599.79 W, 69, 100 %, 2757 MiB
2026/09/24 16:10:35.835, 0, 28 MHz, 405 MHz, 24.21 W, 51, 0 %, 3212 MiB
2026/09/24 16:10:35.835, 1, 2700 MHz, 14001 MHz, 599.85 W, 69, 100 %, 2757 MiB
2026/09/24 16:10:36.839, 0, 30 MHz, 405 MHz, 24.49 W, 51, 0 %, 3212 MiB
2026/09/24 16:10:36.839, 1, 2700 MHz, 14001 MHz, 600.05 W, 69, 100 %, 2757 MiB
2026/09/24 16:10:37.847, 0, 382 MHz, 405 MHz, 25.51 W, 51, 1 %, 3205 MiB
2026/09/24 16:10:37.847, 1, 2955 MHz, 14001 MHz, 181.54 W, 55, 0 %, 2757 MiB
2026/09/24 16:10:38.850, 0, 33 MHz, 405 MHz, 24.46 W, 50, 0 %, 3205 MiB
2026/09/24 16:10:38.850, 1, 2955 MHz, 14001 MHz, 95.77 W, 54, 0 %, 18 MiB
2026/09/24 16:10:39.852, 0, 37 MHz, 405 MHz, 23.91 W, 51, 1 %, 3196 MiB
2026/09/24 16:10:39.852, 1, 465 MHz, 7001 MHz, 38.80 W, 51, 0 %, 18 MiB
